item,,,,,,,,,,,,,,,,,,,,,,
http://findingaids.princeton.edu/folders/C0108/c02198.mets,,,,,,,,,,,,,,,,,,,,,,
http://findingaids.princeton.edu/folders/C0108/c02200.mets,,,,,,,,,,,,,,,,,,,,,,
http://findingaids.princeton.edu/folders/C0108/c02209.mets,,,,,,,,,,,,,,,,,,,,,,
http://findingaids.princeton.edu/folders/RBD1.1/c13697.mets,,,,,,,,,,,,,,,,,,,,,,
http://findingaids.princeton.edu/folders/RBD1.1/c13673.mets,,,,,,,,,,,,,,,,,,,,,,
http://findingaids.princeton.edu/folders/RBD1.1/c15323.mets,,,,,,,,,,,,,,,,,,,,,,
http://findingaids.princeton.edu/folders/MC081/c0526.mets,,,,,,,,,,,,,,,,,,,,,,
http://findingaids.princeton.edu/folders/MC104.3/c00266.mets,,,,,,,,,,,,,,,,,,,,,,
http://findingaids.princeton.edu/folders/MC104.3/c00267.mets,,,,,,,,,,,,,,,,,,,,,,
http://findingaids.princeton.edu/folders/MC104.3/c00268.mets,,,,,,,,,,,,,,,,,,,,,,
http://findingaids.princeton.edu/folders/MC104.3/c00269.mets,,,,,,,,,,,,,,,,,,,,,,
http://findingaids.princeton.edu/folders/MC104.3/c00270.mets,,,,,,,,,,,,,,,,,,,,,,
http://findingaids.princeton.edu/folders/MC104.3/c00272.mets,,,,,,,,,,,,,,,,,,,,,,
http://findingaids.princeton.edu/folders/MC104.3/c00273.mets,,,,,,,,,,,,,,,,,,,,,,
http://findingaids.princeton.edu/folders/MC104.3/c00274.mets,,,,,,,,,,,,,,,,,,,,,,
http://findingaids.princeton.edu/folders/MC104.3/c00275.mets,,,,,,,,,,,,,,,,,,,,,,
http://findingaids.princeton.edu/folders/MC104.3/c00276.mets,,,,,,,,,,,,,,,,,,,,,,
http://findingaids.princeton.edu/folders/MC104.3/c00277.mets,,,,,,,,,,,,,,,,,,,,,,
http://findingaids.princeton.edu/folders/MC104.3/c00278.mets,,,,,,,,,,,,,,,,,,,,,,
http://findingaids.princeton.edu/folders/MC104.3/c00279.mets,,,,,,,,,,,,,,,,,,,,,,
http://findingaids.princeton.edu/folders/MC104.3/c03241.mets,,,,,,,,,,,,,,,,,,,,,,
http://findingaids.princeton.edu/folders/MC104.3/c00280.mets,,,,,,,,,,,,,,,,,,,,,,
http://findingaids.princeton.edu/folders/MC104.3/c00281.mets,,,,,,,,,,,,,,,,,,,,,,
http://findingaids.princeton.edu/folders/MC104.3/c00282.mets,,,,,,,,,,,,,,,,,,,,,,
http://findingaids.princeton.edu/folders/MC104.3/c00283.mets,,,,,,,,,,,,,,,,,,,,,,
http://findingaids.princeton.edu/folders/MC104.3/c00284.mets,,,,,,,,,,,,,,,,,,,,,,
http://findingaids.princeton.edu/folders/MC104.3/c00285.mets,,,,,,,,,,,,,,,,,,,,,,
http://findingaids.princeton.edu/folders/MC104.3/c00286.mets,,,,,,,,,,,,,,,,,,,,,,
http://findingaids.princeton.edu/folders/MC104.3/c00287.mets,,,,,,,,,,,,,,,,,,,,,,
http://findingaids.princeton.edu/folders/MC104.3/c00288.mets,,,,,,,,,,,,,,,,,,,,,,
http://findingaids.princeton.edu/folders/MC104.3/c00289.mets,,,,,,,,,,,,,,,,,,,,,,
http://findingaids.princeton.edu/folders/MC104.3/c00291.mets,,,,,,,,,,,,,,,,,,,,,,
http://findingaids.princeton.edu/folders/MC104.3/c03242.mets,,,,,,,,,,,,,,,,,,,,,,
http://findingaids.princeton.edu/folders/MC104.3/c03243.mets,,,,,,,,,,,,,,,,,,,,,,
http://findingaids.princeton.edu/folders/MC104.3/c03244.mets,,,,,,,,,,,,,,,,,,,,,,
http://findingaids.princeton.edu/folders/MC104.3/c03245.mets,,,,,,,,,,,,,,,,,,,,,,
http://findingaids.princeton.edu/folders/MC104.3/c03246.mets,,,,,,,,,,,,,,,,,,,,,,
http://findingaids.princeton.edu/folders/MC104.3/c00292.mets,,,,,,,,,,,,,,,,,,,,,,
http://findingaids.princeton.edu/folders/MC104.3/c00293.mets,,,,,,,,,,,,,,,,,,,,,,
http://findingaids.princeton.edu/folders/MC104.3/c00294.mets,,,,,,,,,,,,,,,,,,,,,,
http://findingaids.princeton.edu/folders/MC104.3/c00295.mets,,,,,,,,,,,,,,,,,,,,,,
http://findingaids.princeton.edu/folders/MC104.3/c00296.mets,,,,,,,,,,,,,,,,,,,,,,
http://findingaids.princeton.edu/folders/MC104.3/c00297.mets,,,,,,,,,,,,,,,,,,,,,,
http://findingaids.princeton.edu/folders/MC104.3/c00298.mets,,,,,,,,,,,,,,,,,,,,,,
http://findingaids.princeton.edu/folders/MC104.3/c00299.mets,,,,,,,,,,,,,,,,,,,,,,
http://findingaids.princeton.edu/folders/MC104.3/c00300.mets,,,,,,,,,,,,,,,,,,,,,,
http://findingaids.princeton.edu/folders/MC104.3/c00301.mets,,,,,,,,,,,,,,,,,,,,,,
http://findingaids.princeton.edu/folders/MC104.3/c00302.mets,,,,,,,,,,,,,,,,,,,,,,
http://findingaids.princeton.edu/folders/MC104.3/c00303.mets,,,,,,,,,,,,,,,,,,,,,,
http://findingaids.princeton.edu/folders/MC104.3/c00304.mets,,,,,,,,,,,,,,,,,,,,,,
http://findingaids.princeton.edu/folders/MC104.3/c00305.mets,,,,,,,,,,,,,,,,,,,,,,
http://findingaids.princeton.edu/folders/MC104.3/c00306.mets,,,,,,,,,,,,,,,,,,,,,,
http://findingaids.princeton.edu/folders/MC104.3/c00307.mets,,,,,,,,,,,,,,,,,,,,,,
http://findingaids.princeton.edu/folders/MC104.3/c00308.mets,,,,,,,,,,,,,,,,,,,,,,
http://findingaids.princeton.edu/folders/MC104.3/c00309.mets,,,,,,,,,,,,,,,,,,,,,,
http://findingaids.princeton.edu/folders/MC104.3/c00310.mets,,,,,,,,,,,,,,,,,,,,,,
http://findingaids.princeton.edu/folders/MC104.3/c00311.mets,,,,,,,,,,,,,,,,,,,,,,
http://findingaids.princeton.edu/folders/MC104.3/c00312.mets,,,,,,,,,,,,,,,,,,,,,,
http://findingaids.princeton.edu/folders/MC104.3/c00313.mets,,,,,,,,,,,,,,,,,,,,,,
http://findingaids.princeton.edu/folders/MC104.3/c00314.mets,,,,,,,,,,,,,,,,,,,,,,
http://findingaids.princeton.edu/folders/MC104.3/c00315.mets,,,,,,,,,,,,,,,,,,,,,,
http://findingaids.princeton.edu/folders/MC104.3/c00316.mets,,,,,,,,,,,,,,,,,,,,,,
http://findingaids.princeton.edu/folders/MC104.3/c00317.mets,,,,,,,,,,,,,,,,,,,,,,
http://findingaids.princeton.edu/folders/MC104.3/c00318.mets,,,,,,,,,,,,,,,,,,,,,,
http://findingaids.princeton.edu/folders/MC104.3/c03247.mets,,,,,,,,,,,,,,,,,,,,,,
http://findingaids.princeton.edu/folders/MC104.3/c00319.mets,,,,,,,,,,,,,,,,,,,,,,
http://findingaids.princeton.edu/folders/MC104.3/c00320.mets,,,,,,,,,,,,,,,,,,,,,,
http://findingaids.princeton.edu/folders/MC104.3/c00321.mets,,,,,,,,,,,,,,,,,,,,,,
http://findingaids.princeton.edu/folders/MC104.3/c00322.mets,,,,,,,,,,,,,,,,,,,,,,
http://findingaids.princeton.edu/folders/MC104.3/c00323.mets,,,,,,,,,,,,,,,,,,,,,,
http://findingaids.princeton.edu/folders/MC104.3/c00324.mets,,,,,,,,,,,,,,,,,,,,,,
http://findingaids.princeton.edu/folders/MC104.3/c00325.mets,,,,,,,,,,,,,,,,,,,,,,
http://findingaids.princeton.edu/folders/MC104.3/c00326.mets,,,,,,,,,,,,,,,,,,,,,,
http://findingaids.princeton.edu/folders/MC104.3/c00327.mets,,,,,,,,,,,,,,,,,,,,,,
http://findingaids.princeton.edu/folders/MC104.3/c00328.mets,,,,,,,,,,,,,,,,,,,,,,
http://findingaids.princeton.edu/folders/MC104.3/c00329.mets,,,,,,,,,,,,,,,,,,,,,,
http://findingaids.princeton.edu/folders/MC104.3/c00330.mets,,,,,,,,,,,,,,,,,,,,,,
http://findingaids.princeton.edu/folders/MC104.3/c00331.mets,,,,,,,,,,,,,,,,,,,,,,
http://findingaids.princeton.edu/folders/MC104.3/c00332.mets,,,,,,,,,,,,,,,,,,,,,,
http://findingaids.princeton.edu/folders/MC104.3/c00333.mets,,,,,,,,,,,,,,,,,,,,,,
http://findingaids.princeton.edu/folders/MC104.3/c00334.mets,,,,,,,,,,,,,,,,,,,,,,
http://findingaids.princeton.edu/folders/MC104.3/c00335.mets,,,,,,,,,,,,,,,,,,,,,,
http://findingaids.princeton.edu/folders/MC104.3/c00336.mets,,,,,,,,,,,,,,,,,,,,,,
http://findingaids.princeton.edu/folders/MC104.3/c00337.mets,,,,,,,,,,,,,,,,,,,,,,
http://findingaids.princeton.edu/folders/MC104.3/c00338.mets,,,,,,,,,,,,,,,,,,,,,,
http://findingaids.princeton.edu/folders/MC104.3/c00339.mets,,,,,,,,,,,,,,,,,,,,,,
http://findingaids.princeton.edu/folders/MC104.3/c00340.mets,,,,,,,,,,,,,,,,,,,,,,
http://findingaids.princeton.edu/folders/MC104.3/c00341.mets,,,,,,,,,,,,,,,,,,,,,,
http://findingaids.princeton.edu/folders/MC104.3/c00342.mets,,,,,,,,,,,,,,,,,,,,,,
http://findingaids.princeton.edu/folders/MC104.3/c00343.mets,,,,,,,,,,,,,,,,,,,,,,
http://findingaids.princeton.edu/folders/MC104.3/c00344.mets,,,,,,,,,,,,,,,,,,,,,,
http://findingaids.princeton.edu/folders/MC104.3/c00345.mets,,,,,,,,,,,,,,,,,,,,,,
http://findingaids.princeton.edu/folders/MC104.3/c00346.mets,,,,,,,,,,,,,,,,,,,,,,
http://findingaids.princeton.edu/folders/MC104.3/c00347.mets,,,,,,,,,,,,,,,,,,,,,,
http://findingaids.princeton.edu/folders/MC104.3/c00348.mets,,,,,,,,,,,,,,,,,,,,,,
http://findingaids.princeton.edu/folders/MC104.3/c00349.mets,,,,,,,,,,,,,,,,,,,,,,
http://findingaids.princeton.edu/folders/MC104.3/c00350.mets,,,,,,,,,,,,,,,,,,,,,,
http://findingaids.princeton.edu/folders/MC104.3/c00351.mets,,,,,,,,,,,,,,,,,,,,,,
http://findingaids.princeton.edu/folders/MC104.3/c00352.mets,,,,,,,,,,,,,,,,,,,,,,
http://findingaids.princeton.edu/folders/MC104.3/c00353.mets,,,,,,,,,,,,,,,,,,,,,,
http://findingaids.princeton.edu/folders/MC104.3/c00354.mets,,,,,,,,,,,,,,,,,,,,,,
http://findingaids.princeton.edu/folders/MC104.3/c00355.mets,,,,,,,,,,,,,,,,,,,,,,
http://findingaids.princeton.edu/folders/MC104.3/c00356.mets,,,,,,,,,,,,,,,,,,,,,,
http://findingaids.princeton.edu/folders/MC104.3/c00357.mets,,,,,,,,,,,,,,,,,,,,,,
http://findingaids.princeton.edu/folders/MC104.3/c00358.mets,,,,,,,,,,,,,,,,,,,,,,
http://findingaids.princeton.edu/folders/MC104.3/c00359.mets,,,,,,,,,,,,,,,,,,,,,,
http://findingaids.princeton.edu/folders/MC104.3/c00360.mets,,,,,,,,,,,,,,,,,,,,,,
http://findingaids.princeton.edu/folders/MC104.3/c00361.mets,,,,,,,,,,,,,,,,,,,,,,
http://findingaids.princeton.edu/folders/MC104.3/c00362.mets,,,,,,,,,,,,,,,,,,,,,,
http://findingaids.princeton.edu/folders/MC104.3/c00363.mets,,,,,,,,,,,,,,,,,,,,,,
http://findingaids.princeton.edu/folders/MC104.3/c00364.mets,,,,,,,,,,,,,,,,,,,,,,
http://findingaids.princeton.edu/folders/MC104.3/c00365.mets,,,,,,,,,,,,,,,,,,,,,,
http://findingaids.princeton.edu/folders/MC104.3/c00366.mets,,,,,,,,,,,,,,,,,,,,,,
http://findingaids.princeton.edu/folders/MC104.3/c00367.mets,,,,,,,,,,,,,,,,,,,,,,
http://findingaids.princeton.edu/folders/MC104.3/c00368.mets,,,,,,,,,,,,,,,,,,,,,,
http://findingaids.princeton.edu/folders/MC104.3/c00369.mets,,,,,,,,,,,,,,,,,,,,,,
http://findingaids.princeton.edu/folders/MC104.3/c00370.mets,,,,,,,,,,,,,,,,,,,,,,
http://findingaids.princeton.edu/folders/MC104.3/c00371.mets,,,,,,,,,,,,,,,,,,,,,,
http://findingaids.princeton.edu/folders/MC104.3/c01347.mets,,,,,,,,,,,,,,,,,,,,,,
http://findingaids.princeton.edu/folders/MC104.3/c01348.mets,,,,,,,,,,,,,,,,,,,,,,
http://findingaids.princeton.edu/folders/MC104.3/c01351.mets,,,,,,,,,,,,,,,,,,,,,,
http://findingaids.princeton.edu/folders/MC104.3/c01353.mets,,,,,,,,,,,,,,,,,,,,,,
http://findingaids.princeton.edu/folders/MC104.3/c01354.mets,,,,,,,,,,,,,,,,,,,,,,
http://findingaids.princeton.edu/folders/MC104.3/c01355.mets,,,,,,,,,,,,,,,,,,,,,,
http://findingaids.princeton.edu/folders/MC104.3/c01356.mets,,,,,,,,,,,,,,,,,,,,,,
http://findingaids.princeton.edu/folders/MC104.3/c01357.mets,,,,,,,,,,,,,,,,,,,,,,
http://findingaids.princeton.edu/folders/MC104.3/c01358.mets,,,,,,,,,,,,,,,,,,,,,,
http://findingaids.princeton.edu/folders/MC104.3/c01359.mets,,,,,,,,,,,,,,,,,,,,,,
http://findingaids.princeton.edu/folders/MC104.3/c01360.mets,,,,,,,,,,,,,,,,,,,,,,
http://findingaids.princeton.edu/folders/MC104.3/c01361.mets,,,,,,,,,,,,,,,,,,,,,,
http://findingaids.princeton.edu/folders/MC104.3/c01362.mets,,,,,,,,,,,,,,,,,,,,,,
http://findingaids.princeton.edu/folders/MC104.3/c01363.mets,,,,,,,,,,,,,,,,,,,,,,
http://findingaids.princeton.edu/folders/MC104.3/c01364.mets,,,,,,,,,,,,,,,,,,,,,,
http://findingaids.princeton.edu/folders/MC104.3/c01366.mets,,,,,,,,,,,,,,,,,,,,,,
http://findingaids.princeton.edu/folders/MC104.3/c01367.mets,,,,,,,,,,,,,,,,,,,,,,
http://findingaids.princeton.edu/folders/MC016/c10308.mets,,,,,,,,,,,,,,,,,,,,,,
http://findingaids.princeton.edu/folders/MC124/c01798.mets,,,,,,,,,,,,,,,,,,,,,,
http://findingaids.princeton.edu/folders/MC124/c01799.mets,,,,,,,,,,,,,,,,,,,,,,
http://findingaids.princeton.edu/folders/MC124/c01800.mets,,,,,,,,,,,,,,,,,,,,,,
http://findingaids.princeton.edu/folders/MC124/c01801.mets,,,,,,,,,,,,,,,,,,,,,,
http://findingaids.princeton.edu/folders/MC124/c01802.mets,,,,,,,,,,,,,,,,,,,,,,
http://findingaids.princeton.edu/folders/MC124/c01803.mets,,,,,,,,,,,,,,,,,,,,,,
http://findingaids.princeton.edu/folders/MC124/c01804.mets,,,,,,,,,,,,,,,,,,,,,,
http://findingaids.princeton.edu/folders/MC124/c01805.mets,,,,,,,,,,,,,,,,,,,,,,
http://findingaids.princeton.edu/folders/MC124/c01806.mets,,,,,,,,,,,,,,,,,,,,,,
http://findingaids.princeton.edu/folders/MC124/c01807.mets,,,,,,,,,,,,,,,,,,,,,,
http://findingaids.princeton.edu/folders/MC124/c01809.mets,,,,,,,,,,,,,,,,,,,,,,
http://findingaids.princeton.edu/folders/MC124/c01811.mets,,,,,,,,,,,,,,,,,,,,,,
http://findingaids.princeton.edu/folders/MC124/c01812.mets,,,,,,,,,,,,,,,,,,,,,,
http://findingaids.princeton.edu/folders/MC124/c01814.mets,,,,,,,,,,,,,,,,,,,,,,
http://findingaids.princeton.edu/folders/MC124/c01815.mets,,,,,,,,,,,,,,,,,,,,,,
http://findingaids.princeton.edu/folders/MC124/c01816.mets,,,,,,,,,,,,,,,,,,,,,,
http://findingaids.princeton.edu/folders/MC124/c01817.mets,,,,,,,,,,,,,,,,,,,,,,
http://findingaids.princeton.edu/folders/MC124/c01818.mets,,,,,,,,,,,,,,,,,,,,,,
http://findingaids.princeton.edu/folders/MC124/c01819.mets,,,,,,,,,,,,,,,,,,,,,,
http://findingaids.princeton.edu/folders/MC124/c01820.mets,,,,,,,,,,,,,,,,,,,,,,
http://findingaids.princeton.edu/folders/MC124/c01821.mets,,,,,,,,,,,,,,,,,,,,,,
http://findingaids.princeton.edu/folders/MC124/c01822.mets,,,,,,,,,,,,,,,,,,,,,,
http://findingaids.princeton.edu/folders/MC124/c01823.mets,,,,,,,,,,,,,,,,,,,,,,
http://findingaids.princeton.edu/folders/MC124/c01824.mets,,,,,,,,,,,,,,,,,,,,,,
http://findingaids.princeton.edu/folders/MC124/c01826.mets,,,,,,,,,,,,,,,,,,,,,,
http://findingaids.princeton.edu/folders/MC124/c01827.mets,,,,,,,,,,,,,,,,,,,,,,
http://findingaids.princeton.edu/folders/MC124/c01828.mets,,,,,,,,,,,,,,,,,,,,,,
http://findingaids.princeton.edu/folders/MC124/c01829.mets,,,,,,,,,,,,,,,,,,,,,,
http://findingaids.princeton.edu/folders/MC124/c01831.mets,,,,,,,,,,,,,,,,,,,,,,
http://findingaids.princeton.edu/folders/MC124/c01832.mets,,,,,,,,,,,,,,,,,,,,,,
http://findingaids.princeton.edu/folders/MC124/c01833.mets,,,,,,,,,,,,,,,,,,,,,,
http://findingaids.princeton.edu/folders/MC124/c01834.mets,,,,,,,,,,,,,,,,,,,,,,
http://findingaids.princeton.edu/folders/MC124/c01837.mets,,,,,,,,,,,,,,,,,,,,,,
http://findingaids.princeton.edu/folders/MC124/c01838.mets,,,,,,,,,,,,,,,,,,,,,,
http://findingaids.princeton.edu/folders/MC124/c01839.mets,,,,,,,,,,,,,,,,,,,,,,
http://findingaids.princeton.edu/folders/MC124/c01840.mets,,,,,,,,,,,,,,,,,,,,,,
http://findingaids.princeton.edu/folders/MC124/c01841.mets,,,,,,,,,,,,,,,,,,,,,,
http://findingaids.princeton.edu/folders/MC124/c01842.mets,,,,,,,,,,,,,,,,,,,,,,
http://findingaids.princeton.edu/folders/MC124/c01843.mets,,,,,,,,,,,,,,,,,,,,,,
http://findingaids.princeton.edu/folders/MC124/c01845.mets,,,,,,,,,,,,,,,,,,,,,,
http://findingaids.princeton.edu/folders/MC124/c01846.mets,,,,,,,,,,,,,,,,,,,,,,
http://findingaids.princeton.edu/folders/MC124/c01848.mets,,,,,,,,,,,,,,,,,,,,,,
http://findingaids.princeton.edu/folders/MC124/c01849.mets,,,,,,,,,,,,,,,,,,,,,,
http://findingaids.princeton.edu/folders/MC124/c01850.mets,,,,,,,,,,,,,,,,,,,,,,
http://findingaids.princeton.edu/folders/MC124/c01851.mets,,,,,,,,,,,,,,,,,,,,,,
http://findingaids.princeton.edu/folders/MC124/c01852.mets,,,,,,,,,,,,,,,,,,,,,,
http://findingaids.princeton.edu/folders/MC124/c01853.mets,,,,,,,,,,,,,,,,,,,,,,
http://findingaids.princeton.edu/folders/MC124/c01854.mets,,,,,,,,,,,,,,,,,,,,,,
http://findingaids.princeton.edu/folders/MC124/c01856.mets,,,,,,,,,,,,,,,,,,,,,,
http://findingaids.princeton.edu/folders/MC124/c01857.mets,,,,,,,,,,,,,,,,,,,,,,
http://findingaids.princeton.edu/folders/MC124/c01858.mets,,,,,,,,,,,,,,,,,,,,,,
http://findingaids.princeton.edu/folders/MC124/c01859.mets,,,,,,,,,,,,,,,,,,,,,,
http://findingaids.princeton.edu/folders/MC124/c01860.mets,,,,,,,,,,,,,,,,,,,,,,
http://findingaids.princeton.edu/folders/MC124/c01861.mets,,,,,,,,,,,,,,,,,,,,,,
http://findingaids.princeton.edu/folders/MC124/c01862.mets,,,,,,,,,,,,,,,,,,,,,,
http://findingaids.princeton.edu/folders/MC124/c01863.mets,,,,,,,,,,,,,,,,,,,,,,
http://findingaids.princeton.edu/folders/MC124/c01864.mets,,,,,,,,,,,,,,,,,,,,,,
http://findingaids.princeton.edu/folders/MC124/c01865.mets,,,,,,,,,,,,,,,,,,,,,,
http://findingaids.princeton.edu/folders/MC124/c01866.mets,,,,,,,,,,,,,,,,,,,,,,
http://findingaids.princeton.edu/folders/MC124/c01867.mets,,,,,,,,,,,,,,,,,,,,,,
http://findingaids.princeton.edu/folders/MC124/c01868.mets,,,,,,,,,,,,,,,,,,,,,,
http://findingaids.princeton.edu/folders/MC124/c01869.mets,,,,,,,,,,,,,,,,,,,,,,
http://findingaids.princeton.edu/folders/MC124/c01870.mets,,,,,,,,,,,,,,,,,,,,,,
http://findingaids.princeton.edu/folders/MC124/c01872.mets,,,,,,,,,,,,,,,,,,,,,,
http://findingaids.princeton.edu/folders/MC124/c01873.mets,,,,,,,,,,,,,,,,,,,,,,
http://findingaids.princeton.edu/folders/MC124/c01875.mets,,,,,,,,,,,,,,,,,,,,,,
http://findingaids.princeton.edu/folders/MC124/c01876.mets,,,,,,,,,,,,,,,,,,,,,,
http://findingaids.princeton.edu/folders/MC124/c01877.mets,,,,,,,,,,,,,,,,,,,,,,
http://findingaids.princeton.edu/folders/MC124/c01878.mets,,,,,,,,,,,,,,,,,,,,,,
http://findingaids.princeton.edu/folders/MC124/c01879.mets,,,,,,,,,,,,,,,,,,,,,,
http://findingaids.princeton.edu/folders/MC124/c01880.mets,,,,,,,,,,,,,,,,,,,,,,
http://findingaids.princeton.edu/folders/MC124/c01881.mets,,,,,,,,,,,,,,,,,,,,,,
http://findingaids.princeton.edu/folders/MC124/c01882.mets,,,,,,,,,,,,,,,,,,,,,,
http://findingaids.princeton.edu/folders/MC124/c01883.mets,,,,,,,,,,,,,,,,,,,,,,
http://findingaids.princeton.edu/folders/MC124/c01884.mets,,,,,,,,,,,,,,,,,,,,,,
http://findingaids.princeton.edu/folders/MC124/c01886.mets,,,,,,,,,,,,,,,,,,,,,,
http://findingaids.princeton.edu/folders/MC124/c01887.mets,,,,,,,,,,,,,,,,,,,,,,
http://findingaids.princeton.edu/folders/MC124/c01888.mets,,,,,,,,,,,,,,,,,,,,,,
http://findingaids.princeton.edu/folders/MC124/c01889.mets,,,,,,,,,,,,,,,,,,,,,,
http://findingaids.princeton.edu/folders/MC001.02.03/c009642.mets,,,,,,,,,,,,,,,,,,,,,,
http://findingaids.princeton.edu/folders/AC008/c0005.mets,,,,,,,,,,,,,,,,,,,,,,
http://findingaids.princeton.edu/folders/AC060/c0012.mets,,,,,,,,,,,,,,,,,,,,,,
http://findingaids.princeton.edu/folders/AC068/c0001.mets,,,,,,,,,,,,,,,,,,,,,,
http://findingaids.princeton.edu/folders/AC068/c0002.mets,,,,,,,,,,,,,,,,,,,,,,
http://findingaids.princeton.edu/folders/AC068/c0003.mets,,,,,,,,,,,,,,,,,,,,,,
http://findingaids.princeton.edu/folders/AC068/c0004.mets,,,,,,,,,,,,,,,,,,,,,,
http://findingaids.princeton.edu/folders/AC068/c0005.mets,,,,,,,,,,,,,,,,,,,,,,
http://findingaids.princeton.edu/folders/AC068/c0006.mets,,,,,,,,,,,,,,,,,,,,,,
http://findingaids.princeton.edu/folders/AC068/c0007.mets,,,,,,,,,,,,,,,,,,,,,,
http://findingaids.princeton.edu/folders/AC068/c0008.mets,,,,,,,,,,,,,,,,,,,,,,