blank,file_uri,uri
,http://findingaids.princeton.edu/folders/MC001.02.03/c009642.mets,/repositories/3/digital_objects/12262
,http://findingaids.princeton.edu/folders/MC124/c01798.mets,/repositories/3/digital_objects/14892
,http://findingaids.princeton.edu/folders/MC124/c01799.mets,/repositories/3/digital_objects/14893
,http://findingaids.princeton.edu/folders/MC124/c01800.mets,/repositories/3/digital_objects/14894
,http://findingaids.princeton.edu/folders/MC124/c01801.mets,/repositories/3/digital_objects/14895
,http://findingaids.princeton.edu/folders/MC124/c01802.mets,/repositories/3/digital_objects/14896
,http://findingaids.princeton.edu/folders/MC124/c01803.mets,/repositories/3/digital_objects/14897
,http://findingaids.princeton.edu/folders/MC124/c01804.mets,/repositories/3/digital_objects/14898
,http://findingaids.princeton.edu/folders/MC124/c01805.mets,/repositories/3/digital_objects/14899
,http://findingaids.princeton.edu/folders/MC124/c01806.mets,/repositories/3/digital_objects/14900
,http://findingaids.princeton.edu/folders/MC124/c01807.mets,/repositories/3/digital_objects/14901
,http://findingaids.princeton.edu/folders/MC124/c01809.mets,/repositories/3/digital_objects/14902
,http://findingaids.princeton.edu/folders/MC124/c01811.mets,/repositories/3/digital_objects/14903
,http://findingaids.princeton.edu/folders/MC124/c01812.mets,/repositories/3/digital_objects/14904
,http://findingaids.princeton.edu/folders/MC124/c01814.mets,/repositories/3/digital_objects/14905
,http://findingaids.princeton.edu/folders/MC124/c01815.mets,/repositories/3/digital_objects/14906
,http://findingaids.princeton.edu/folders/MC124/c01816.mets,/repositories/3/digital_objects/14907
,http://findingaids.princeton.edu/folders/MC124/c01817.mets,/repositories/3/digital_objects/14908
,http://findingaids.princeton.edu/folders/MC124/c01818.mets,/repositories/3/digital_objects/14909
,http://findingaids.princeton.edu/folders/MC124/c01819.mets,/repositories/3/digital_objects/14910
,http://findingaids.princeton.edu/folders/MC124/c01820.mets,/repositories/3/digital_objects/14911
,http://findingaids.princeton.edu/folders/MC124/c01821.mets,/repositories/3/digital_objects/14912
,http://findingaids.princeton.edu/folders/MC124/c01822.mets,/repositories/3/digital_objects/14913
,http://findingaids.princeton.edu/folders/MC124/c01823.mets,/repositories/3/digital_objects/14914
,http://findingaids.princeton.edu/folders/MC124/c01824.mets,/repositories/3/digital_objects/14915
,http://findingaids.princeton.edu/folders/MC124/c01826.mets,/repositories/3/digital_objects/14916
,http://findingaids.princeton.edu/folders/MC124/c01827.mets,/repositories/3/digital_objects/14917
,http://findingaids.princeton.edu/folders/MC124/c01828.mets,/repositories/3/digital_objects/14918
,http://findingaids.princeton.edu/folders/MC124/c01829.mets,/repositories/3/digital_objects/14919
,http://findingaids.princeton.edu/folders/MC124/c01831.mets,/repositories/3/digital_objects/14920
,http://findingaids.princeton.edu/folders/MC124/c01832.mets,/repositories/3/digital_objects/14921
,http://findingaids.princeton.edu/folders/MC124/c01833.mets,/repositories/3/digital_objects/14922
,http://findingaids.princeton.edu/folders/MC124/c01834.mets,/repositories/3/digital_objects/14923
,http://findingaids.princeton.edu/folders/MC124/c01837.mets,/repositories/3/digital_objects/14924
,http://findingaids.princeton.edu/folders/MC124/c01838.mets,/repositories/3/digital_objects/14925
,http://findingaids.princeton.edu/folders/MC124/c01839.mets,/repositories/3/digital_objects/14926
,http://findingaids.princeton.edu/folders/MC124/c01840.mets,/repositories/3/digital_objects/14927
,http://findingaids.princeton.edu/folders/MC124/c01841.mets,/repositories/3/digital_objects/14928
,http://findingaids.princeton.edu/folders/MC124/c01842.mets,/repositories/3/digital_objects/14929
,http://findingaids.princeton.edu/folders/MC124/c01843.mets,/repositories/3/digital_objects/14930
,http://findingaids.princeton.edu/folders/MC124/c01845.mets,/repositories/3/digital_objects/14931
,http://findingaids.princeton.edu/folders/MC124/c01846.mets,/repositories/3/digital_objects/14932
,http://findingaids.princeton.edu/folders/MC124/c01848.mets,/repositories/3/digital_objects/14933
,http://findingaids.princeton.edu/folders/MC124/c01849.mets,/repositories/3/digital_objects/14934
,http://findingaids.princeton.edu/folders/MC124/c01850.mets,/repositories/3/digital_objects/14935
,http://findingaids.princeton.edu/folders/MC124/c01851.mets,/repositories/3/digital_objects/14936
,http://findingaids.princeton.edu/folders/MC124/c01852.mets,/repositories/3/digital_objects/14937
,http://findingaids.princeton.edu/folders/MC124/c01853.mets,/repositories/3/digital_objects/14938
,http://findingaids.princeton.edu/folders/MC124/c01854.mets,/repositories/3/digital_objects/14939
,http://findingaids.princeton.edu/folders/MC124/c01856.mets,/repositories/3/digital_objects/14940
,http://findingaids.princeton.edu/folders/MC124/c01857.mets,/repositories/3/digital_objects/14941
,http://findingaids.princeton.edu/folders/MC124/c01858.mets,/repositories/3/digital_objects/14942
,http://findingaids.princeton.edu/folders/MC124/c01859.mets,/repositories/3/digital_objects/14943
,http://findingaids.princeton.edu/folders/MC124/c01860.mets,/repositories/3/digital_objects/14944
,http://findingaids.princeton.edu/folders/MC124/c01861.mets,/repositories/3/digital_objects/14945
,http://findingaids.princeton.edu/folders/MC124/c01862.mets,/repositories/3/digital_objects/14946
,http://findingaids.princeton.edu/folders/MC124/c01863.mets,/repositories/3/digital_objects/14947
,http://findingaids.princeton.edu/folders/MC124/c01864.mets,/repositories/3/digital_objects/14948
,http://findingaids.princeton.edu/folders/MC124/c01865.mets,/repositories/3/digital_objects/14949
,http://findingaids.princeton.edu/folders/MC124/c01866.mets,/repositories/3/digital_objects/14950
,http://findingaids.princeton.edu/folders/MC124/c01867.mets,/repositories/3/digital_objects/14951
,http://findingaids.princeton.edu/folders/MC124/c01868.mets,/repositories/3/digital_objects/14952
,http://findingaids.princeton.edu/folders/MC124/c01869.mets,/repositories/3/digital_objects/14953
,http://findingaids.princeton.edu/folders/MC124/c01870.mets,/repositories/3/digital_objects/14954
,http://findingaids.princeton.edu/folders/MC124/c01872.mets,/repositories/3/digital_objects/14955
,http://findingaids.princeton.edu/folders/MC124/c01873.mets,/repositories/3/digital_objects/14956
,http://findingaids.princeton.edu/folders/MC124/c01875.mets,/repositories/3/digital_objects/14957
,http://findingaids.princeton.edu/folders/MC124/c01876.mets,/repositories/3/digital_objects/14958
,http://findingaids.princeton.edu/folders/MC124/c01877.mets,/repositories/3/digital_objects/14959
,http://findingaids.princeton.edu/folders/MC124/c01878.mets,/repositories/3/digital_objects/14960
,http://findingaids.princeton.edu/folders/MC124/c01879.mets,/repositories/3/digital_objects/14961
,http://findingaids.princeton.edu/folders/MC124/c01880.mets,/repositories/3/digital_objects/14962
,http://findingaids.princeton.edu/folders/MC124/c01881.mets,/repositories/3/digital_objects/14963
,http://findingaids.princeton.edu/folders/MC124/c01882.mets,/repositories/3/digital_objects/14964
,http://findingaids.princeton.edu/folders/MC124/c01883.mets,/repositories/3/digital_objects/14965
,http://findingaids.princeton.edu/folders/MC124/c01884.mets,/repositories/3/digital_objects/14966
,http://findingaids.princeton.edu/folders/MC124/c01886.mets,/repositories/3/digital_objects/14967
,http://findingaids.princeton.edu/folders/MC124/c01887.mets,/repositories/3/digital_objects/14968
,http://findingaids.princeton.edu/folders/MC124/c01888.mets,/repositories/3/digital_objects/14969
,http://findingaids.princeton.edu/folders/MC124/c01889.mets,/repositories/3/digital_objects/14970
,http://findingaids.princeton.edu/folders/MC016/c10308.mets,/repositories/3/digital_objects/27402
,http://findingaids.princeton.edu/folders/MC081/c0526.mets,/repositories/3/digital_objects/42153
,http://findingaids.princeton.edu/folders/MC104.3/c00266.mets,/repositories/3/digital_objects/42452
,http://findingaids.princeton.edu/folders/MC104.3/c00267.mets,/repositories/3/digital_objects/42453
,http://findingaids.princeton.edu/folders/MC104.3/c00268.mets,/repositories/3/digital_objects/42454
,http://findingaids.princeton.edu/folders/MC104.3/c00269.mets,/repositories/3/digital_objects/42455
,http://findingaids.princeton.edu/folders/MC104.3/c00270.mets,/repositories/3/digital_objects/42456
,http://findingaids.princeton.edu/folders/MC104.3/c00272.mets,/repositories/3/digital_objects/42457
,http://findingaids.princeton.edu/folders/MC104.3/c00273.mets,/repositories/3/digital_objects/42458
,http://findingaids.princeton.edu/folders/MC104.3/c00274.mets,/repositories/3/digital_objects/42459
,http://findingaids.princeton.edu/folders/MC104.3/c00275.mets,/repositories/3/digital_objects/42460
,http://findingaids.princeton.edu/folders/MC104.3/c00276.mets,/repositories/3/digital_objects/42461
,http://findingaids.princeton.edu/folders/MC104.3/c00277.mets,/repositories/3/digital_objects/42462
,http://findingaids.princeton.edu/folders/MC104.3/c00278.mets,/repositories/3/digital_objects/42463
,http://findingaids.princeton.edu/folders/MC104.3/c00279.mets,/repositories/3/digital_objects/42464
,http://findingaids.princeton.edu/folders/MC104.3/c03241.mets,/repositories/3/digital_objects/42465
,http://findingaids.princeton.edu/folders/MC104.3/c00280.mets,/repositories/3/digital_objects/42466
,http://findingaids.princeton.edu/folders/MC104.3/c00281.mets,/repositories/3/digital_objects/42467
,http://findingaids.princeton.edu/folders/MC104.3/c00282.mets,/repositories/3/digital_objects/42468
,http://findingaids.princeton.edu/folders/MC104.3/c00283.mets,/repositories/3/digital_objects/42469
,http://findingaids.princeton.edu/folders/MC104.3/c00284.mets,/repositories/3/digital_objects/42470
,http://findingaids.princeton.edu/folders/MC104.3/c00285.mets,/repositories/3/digital_objects/42471
,http://findingaids.princeton.edu/folders/MC104.3/c00286.mets,/repositories/3/digital_objects/42472
,http://findingaids.princeton.edu/folders/MC104.3/c00287.mets,/repositories/3/digital_objects/42473
,http://findingaids.princeton.edu/folders/MC104.3/c00288.mets,/repositories/3/digital_objects/42474
,http://findingaids.princeton.edu/folders/MC104.3/c00289.mets,/repositories/3/digital_objects/42475
,http://findingaids.princeton.edu/folders/MC104.3/c00291.mets,/repositories/3/digital_objects/42476
,http://findingaids.princeton.edu/folders/MC104.3/c03242.mets,/repositories/3/digital_objects/42477
,http://findingaids.princeton.edu/folders/MC104.3/c03243.mets,/repositories/3/digital_objects/42478
,http://findingaids.princeton.edu/folders/MC104.3/c03244.mets,/repositories/3/digital_objects/42479
,http://findingaids.princeton.edu/folders/MC104.3/c03245.mets,/repositories/3/digital_objects/42480
,http://findingaids.princeton.edu/folders/MC104.3/c03246.mets,/repositories/3/digital_objects/42481
,http://findingaids.princeton.edu/folders/MC104.3/c00292.mets,/repositories/3/digital_objects/42482
,http://findingaids.princeton.edu/folders/MC104.3/c00293.mets,/repositories/3/digital_objects/42483
,http://findingaids.princeton.edu/folders/MC104.3/c00294.mets,/repositories/3/digital_objects/42484
,http://findingaids.princeton.edu/folders/MC104.3/c00295.mets,/repositories/3/digital_objects/42485
,http://findingaids.princeton.edu/folders/MC104.3/c00296.mets,/repositories/3/digital_objects/42486
,http://findingaids.princeton.edu/folders/MC104.3/c00297.mets,/repositories/3/digital_objects/42487
,http://findingaids.princeton.edu/folders/MC104.3/c00298.mets,/repositories/3/digital_objects/42488
,http://findingaids.princeton.edu/folders/MC104.3/c00299.mets,/repositories/3/digital_objects/42489
,http://findingaids.princeton.edu/folders/MC104.3/c00300.mets,/repositories/3/digital_objects/42490
,http://findingaids.princeton.edu/folders/MC104.3/c00301.mets,/repositories/3/digital_objects/42491
,http://findingaids.princeton.edu/folders/MC104.3/c00302.mets,/repositories/3/digital_objects/42492
,http://findingaids.princeton.edu/folders/MC104.3/c00303.mets,/repositories/3/digital_objects/42493
,http://findingaids.princeton.edu/folders/MC104.3/c00304.mets,/repositories/3/digital_objects/42494
,http://findingaids.princeton.edu/folders/MC104.3/c00305.mets,/repositories/3/digital_objects/42495
,http://findingaids.princeton.edu/folders/MC104.3/c00306.mets,/repositories/3/digital_objects/42496
,http://findingaids.princeton.edu/folders/MC104.3/c00307.mets,/repositories/3/digital_objects/42497
,http://findingaids.princeton.edu/folders/MC104.3/c00308.mets,/repositories/3/digital_objects/42498
,http://findingaids.princeton.edu/folders/MC104.3/c00309.mets,/repositories/3/digital_objects/42499
,http://findingaids.princeton.edu/folders/MC104.3/c00310.mets,/repositories/3/digital_objects/42500
,http://findingaids.princeton.edu/folders/MC104.3/c00311.mets,/repositories/3/digital_objects/42501
,http://findingaids.princeton.edu/folders/MC104.3/c00312.mets,/repositories/3/digital_objects/42502
,http://findingaids.princeton.edu/folders/MC104.3/c00313.mets,/repositories/3/digital_objects/42503
,http://findingaids.princeton.edu/folders/MC104.3/c00314.mets,/repositories/3/digital_objects/42504
,http://findingaids.princeton.edu/folders/MC104.3/c00315.mets,/repositories/3/digital_objects/42505
,http://findingaids.princeton.edu/folders/MC104.3/c00316.mets,/repositories/3/digital_objects/42506
,http://findingaids.princeton.edu/folders/MC104.3/c00317.mets,/repositories/3/digital_objects/42507
,http://findingaids.princeton.edu/folders/MC104.3/c00318.mets,/repositories/3/digital_objects/42508
,http://findingaids.princeton.edu/folders/MC104.3/c03247.mets,/repositories/3/digital_objects/42509
,http://findingaids.princeton.edu/folders/MC104.3/c00319.mets,/repositories/3/digital_objects/42510
,http://findingaids.princeton.edu/folders/MC104.3/c00320.mets,/repositories/3/digital_objects/42511
,http://findingaids.princeton.edu/folders/MC104.3/c00321.mets,/repositories/3/digital_objects/42512
,http://findingaids.princeton.edu/folders/MC104.3/c00322.mets,/repositories/3/digital_objects/42513
,http://findingaids.princeton.edu/folders/MC104.3/c00323.mets,/repositories/3/digital_objects/42514
,http://findingaids.princeton.edu/folders/MC104.3/c00324.mets,/repositories/3/digital_objects/42515
,http://findingaids.princeton.edu/folders/MC104.3/c00325.mets,/repositories/3/digital_objects/42516
,http://findingaids.princeton.edu/folders/MC104.3/c00326.mets,/repositories/3/digital_objects/42518
,http://findingaids.princeton.edu/folders/MC104.3/c00327.mets,/repositories/3/digital_objects/42519
,http://findingaids.princeton.edu/folders/MC104.3/c00328.mets,/repositories/3/digital_objects/42520
,http://findingaids.princeton.edu/folders/MC104.3/c00329.mets,/repositories/3/digital_objects/42521
,http://findingaids.princeton.edu/folders/MC104.3/c00330.mets,/repositories/3/digital_objects/42522
,http://findingaids.princeton.edu/folders/MC104.3/c00331.mets,/repositories/3/digital_objects/42523
,http://findingaids.princeton.edu/folders/MC104.3/c00332.mets,/repositories/3/digital_objects/42524
,http://findingaids.princeton.edu/folders/MC104.3/c00333.mets,/repositories/3/digital_objects/42525
,http://findingaids.princeton.edu/folders/MC104.3/c00334.mets,/repositories/3/digital_objects/42526
,http://findingaids.princeton.edu/folders/MC104.3/c00335.mets,/repositories/3/digital_objects/42527
,http://findingaids.princeton.edu/folders/MC104.3/c00336.mets,/repositories/3/digital_objects/42528
,http://findingaids.princeton.edu/folders/MC104.3/c00337.mets,/repositories/3/digital_objects/42529
,http://findingaids.princeton.edu/folders/MC104.3/c00338.mets,/repositories/3/digital_objects/42530
,http://findingaids.princeton.edu/folders/MC104.3/c00339.mets,/repositories/3/digital_objects/42531
,http://findingaids.princeton.edu/folders/MC104.3/c00340.mets,/repositories/3/digital_objects/42532
,http://findingaids.princeton.edu/folders/MC104.3/c00341.mets,/repositories/3/digital_objects/42533
,http://findingaids.princeton.edu/folders/MC104.3/c00342.mets,/repositories/3/digital_objects/42534
,http://findingaids.princeton.edu/folders/MC104.3/c00343.mets,/repositories/3/digital_objects/42535
,http://findingaids.princeton.edu/folders/MC104.3/c00344.mets,/repositories/3/digital_objects/42536
,http://findingaids.princeton.edu/folders/MC104.3/c00345.mets,/repositories/3/digital_objects/42537
,http://findingaids.princeton.edu/folders/MC104.3/c00346.mets,/repositories/3/digital_objects/42538
,http://findingaids.princeton.edu/folders/MC104.3/c00347.mets,/repositories/3/digital_objects/42539
,http://findingaids.princeton.edu/folders/MC104.3/c00348.mets,/repositories/3/digital_objects/42540
,http://findingaids.princeton.edu/folders/MC104.3/c00349.mets,/repositories/3/digital_objects/42541
,http://findingaids.princeton.edu/folders/MC104.3/c00350.mets,/repositories/3/digital_objects/42542
,http://findingaids.princeton.edu/folders/MC104.3/c00351.mets,/repositories/3/digital_objects/42543
,http://findingaids.princeton.edu/folders/MC104.3/c00352.mets,/repositories/3/digital_objects/42544
,http://findingaids.princeton.edu/folders/MC104.3/c00353.mets,/repositories/3/digital_objects/42545
,http://findingaids.princeton.edu/folders/MC104.3/c00354.mets,/repositories/3/digital_objects/42546
,http://findingaids.princeton.edu/folders/MC104.3/c00355.mets,/repositories/3/digital_objects/42547
,http://findingaids.princeton.edu/folders/MC104.3/c00356.mets,/repositories/3/digital_objects/42548
,http://findingaids.princeton.edu/folders/MC104.3/c00357.mets,/repositories/3/digital_objects/42549
,http://findingaids.princeton.edu/folders/MC104.3/c00358.mets,/repositories/3/digital_objects/42550
,http://findingaids.princeton.edu/folders/MC104.3/c00359.mets,/repositories/3/digital_objects/42551
,http://findingaids.princeton.edu/folders/MC104.3/c00360.mets,/repositories/3/digital_objects/42552
,http://findingaids.princeton.edu/folders/MC104.3/c00361.mets,/repositories/3/digital_objects/42553
,http://findingaids.princeton.edu/folders/MC104.3/c00362.mets,/repositories/3/digital_objects/42554
,http://findingaids.princeton.edu/folders/MC104.3/c00363.mets,/repositories/3/digital_objects/42555
,http://findingaids.princeton.edu/folders/MC104.3/c00364.mets,/repositories/3/digital_objects/42556
,http://findingaids.princeton.edu/folders/MC104.3/c00365.mets,/repositories/3/digital_objects/42557
,http://findingaids.princeton.edu/folders/MC104.3/c00366.mets,/repositories/3/digital_objects/42558
,http://findingaids.princeton.edu/folders/MC104.3/c00367.mets,/repositories/3/digital_objects/42559
,http://findingaids.princeton.edu/folders/MC104.3/c00368.mets,/repositories/3/digital_objects/42560
,http://findingaids.princeton.edu/folders/MC104.3/c00369.mets,/repositories/3/digital_objects/42561
,http://findingaids.princeton.edu/folders/MC104.3/c00370.mets,/repositories/3/digital_objects/42562
,http://findingaids.princeton.edu/folders/MC104.3/c00371.mets,/repositories/3/digital_objects/42563
,http://findingaids.princeton.edu/folders/MC104.3/c01347.mets,/repositories/3/digital_objects/42573
,http://findingaids.princeton.edu/folders/MC104.3/c01348.mets,/repositories/3/digital_objects/42574
,http://findingaids.princeton.edu/folders/MC104.3/c01351.mets,/repositories/3/digital_objects/42575
,http://findingaids.princeton.edu/folders/MC104.3/c01353.mets,/repositories/3/digital_objects/42576
,http://findingaids.princeton.edu/folders/MC104.3/c01354.mets,/repositories/3/digital_objects/42577
,http://findingaids.princeton.edu/folders/MC104.3/c01355.mets,/repositories/3/digital_objects/42578
,http://findingaids.princeton.edu/folders/MC104.3/c01356.mets,/repositories/3/digital_objects/42579
,http://findingaids.princeton.edu/folders/MC104.3/c01357.mets,/repositories/3/digital_objects/42580
,http://findingaids.princeton.edu/folders/MC104.3/c01358.mets,/repositories/3/digital_objects/42581
,http://findingaids.princeton.edu/folders/MC104.3/c01359.mets,/repositories/3/digital_objects/42582
,http://findingaids.princeton.edu/folders/MC104.3/c01360.mets,/repositories/3/digital_objects/42583
,http://findingaids.princeton.edu/folders/MC104.3/c01361.mets,/repositories/3/digital_objects/42584
,http://findingaids.princeton.edu/folders/MC104.3/c01362.mets,/repositories/3/digital_objects/42585
,http://findingaids.princeton.edu/folders/MC104.3/c01363.mets,/repositories/3/digital_objects/42586
,http://findingaids.princeton.edu/folders/MC104.3/c01364.mets,/repositories/3/digital_objects/42587
,http://findingaids.princeton.edu/folders/MC104.3/c01366.mets,/repositories/3/digital_objects/42588
,http://findingaids.princeton.edu/folders/MC104.3/c01367.mets,/repositories/3/digital_objects/42589
,http://findingaids.princeton.edu/folders/AC060/c0012.mets,/repositories/4/digital_objects/43217
,http://findingaids.princeton.edu/folders/AC068/c0001.mets,/repositories/4/digital_objects/43244
,http://findingaids.princeton.edu/folders/AC068/c0002.mets,/repositories/4/digital_objects/43245
,http://findingaids.princeton.edu/folders/AC068/c0003.mets,/repositories/4/digital_objects/43246
,http://findingaids.princeton.edu/folders/AC068/c0004.mets,/repositories/4/digital_objects/43247
,http://findingaids.princeton.edu/folders/AC068/c0005.mets,/repositories/4/digital_objects/43248
,http://findingaids.princeton.edu/folders/AC068/c0006.mets,/repositories/4/digital_objects/43249
,http://findingaids.princeton.edu/folders/AC068/c0007.mets,/repositories/4/digital_objects/43250
,http://findingaids.princeton.edu/folders/AC068/c0008.mets,/repositories/4/digital_objects/43251
,http://findingaids.princeton.edu/folders/AC008/c0005.mets,/repositories/4/digital_objects/43255
,http://findingaids.princeton.edu/folders/MC016/c10308.mets,/repositories/5/digital_objects/10990
,http://findingaids.princeton.edu/folders/C0108/c02198.mets,/repositories/5/digital_objects/54559
,http://findingaids.princeton.edu/folders/C0108/c02200.mets,/repositories/5/digital_objects/54561
,http://findingaids.princeton.edu/folders/C0108/c02209.mets,/repositories/5/digital_objects/54576
,http://findingaids.princeton.edu/folders/RBD1.1/c13697.mets,/repositories/6/digital_objects/17768
,http://findingaids.princeton.edu/folders/RBD1.1/c13673.mets,/repositories/6/digital_objects/17769
,http://findingaids.princeton.edu/folders/RBD1.1/c15323.mets,/repositories/6/digital_objects/17784