uri,agent_uri
"/repositories/3/events/14917","/agents/people/32722"
"/repositories/4/events/13720","/agents/people/32723"
"/repositories/4/events/13805","/agents/people/32724"
"/repositories/4/events/13862","/agents/people/32724"
"/repositories/4/events/13946","/agents/people/32724"
"/repositories/4/events/15197","/agents/people/32721"
"/repositories/4/events/15257","/agents/people/32721"
"/repositories/4/events/15260","/agents/people/32721"
"/repositories/4/events/15263","/agents/people/32721"
"/repositories/4/events/15266","/agents/people/32721"
"/repositories/4/events/15272","/agents/people/32721"
"/repositories/5/events/15290","/agents/people/32724"
"/repositories/5/events/15292","/agents/people/32724"
"/repositories/5/events/15336","/agents/people/32724"
"/repositories/5/events/15339","/agents/people/32724"
"/repositories/5/events/15342","/agents/people/32724"
"/repositories/5/events/15348","/agents/people/32724"
"/repositories/5/events/15351","/agents/people/32724"
"/repositories/5/events/15354","/agents/people/32724"
"/repositories/5/events/15428","/agents/people/32724"
"/repositories/5/events/15434","/agents/people/32724"
"/repositories/5/events/15440","/agents/people/32724"
"/repositories/5/events/16341","/agents/people/32725"
"/repositories/5/events/16343","/agents/people/32725"
"/repositories/5/events/16347","/agents/people/32725"
"/repositories/5/events/16351","/agents/people/32725"
"/repositories/5/events/16353","/agents/people/32725"
"/repositories/5/events/16355","/agents/people/32725"
"/repositories/5/events/16369","/agents/people/32725"
"/repositories/5/events/16471","/agents/people/32725"
"/repositories/5/events/16473","/agents/people/32725"
"/repositories/5/events/16485","/agents/people/32725"
"/repositories/5/events/16487","/agents/people/32725"