uri,linked_uri
"/repositories/3/events/16529","/repositories/3/resources/1769"
"/repositories/3/events/16638","/repositories/3/resources/1706"
"/repositories/3/events/16648","/repositories/3/resources/1762"
"/repositories/4/events/14575","/repositories/4/resources/4175"
"/repositories/4/events/14583","/repositories/4/resources/1933"
"/repositories/4/events/14879","/repositories/4/resources/1928"
"/repositories/4/events/16183","/repositories/4/resources/1931"
"/repositories/4/events/16411","/repositories/4/resources/2216"
"/repositories/4/events/16411","/repositories/4/resources/2216"
"/repositories/4/events/16619","/repositories/4/resources/1929"
"/repositories/4/events/16639","/repositories/4/resources/1910"
"/repositories/5/events/13778","/repositories/5/resources/3996"
"/repositories/5/events/13909","/repositories/5/resources/4016"
"/repositories/5/events/13917","/repositories/5/resources/4016"
"/repositories/5/events/13918","/repositories/5/resources/4011"
"/repositories/5/events/13919","/repositories/5/resources/4016"
"/repositories/5/events/13920","/repositories/5/resources/4011"
"/repositories/5/events/13921","/repositories/5/resources/4011"
"/repositories/5/events/13922","/repositories/5/resources/4011"
"/repositories/5/events/13925","/repositories/5/resources/4011"
"/repositories/5/events/14005","/repositories/5/resources/4010"
"/repositories/5/events/14006","/repositories/5/resources/4010"
"/repositories/5/events/14007","/repositories/5/resources/4010"
"/repositories/5/events/14008","/repositories/5/resources/4010"
"/repositories/5/events/14010","/repositories/5/resources/4013"
"/repositories/5/events/14011","/repositories/5/resources/4013"
"/repositories/5/events/14012","/repositories/5/resources/4010"
"/repositories/5/events/14042","/repositories/5/resources/4013"
"/repositories/5/events/14043","/repositories/5/resources/4013"
"/repositories/5/events/14044","/repositories/5/resources/4013"
"/repositories/5/events/14268","/repositories/5/resources/4016"
"/repositories/5/events/14269","/repositories/5/resources/4016"
"/repositories/5/events/14270","/repositories/5/resources/4016"
"/repositories/5/events/14271","/repositories/5/resources/4016"
"/repositories/5/events/14410","/repositories/5/resources/4016"
"/repositories/5/events/14733","/repositories/5/resources/3095"
"/repositories/5/events/14769","/repositories/5/resources/3544"
"/repositories/5/events/14987","/repositories/5/resources/4011"
"/repositories/5/events/14996","/repositories/5/resources/4011"
"/repositories/5/events/14999","/repositories/5/resources/4011"
"/repositories/5/events/15002","/repositories/5/resources/4011"
"/repositories/5/events/15005","/repositories/5/resources/4011"
"/repositories/5/events/15011","/repositories/5/resources/4011"
"/repositories/5/events/15290","/repositories/5/resources/3838"
"/repositories/5/events/15292","/repositories/5/resources/3838"
"/repositories/5/events/15336","/repositories/5/resources/3838"
"/repositories/5/events/15339","/repositories/5/resources/3838"
"/repositories/5/events/15342","/repositories/5/resources/3838"
"/repositories/5/events/15348","/repositories/5/resources/3838"
"/repositories/5/events/15351","/repositories/5/resources/3838"
"/repositories/5/events/15354","/repositories/5/resources/3838"
"/repositories/5/events/15428","/repositories/5/resources/4016"
"/repositories/5/events/15434","/repositories/5/resources/4016"
"/repositories/5/events/15440","/repositories/5/resources/4016"
"/repositories/5/events/16010","/repositories/5/resources/3923"
"/repositories/5/events/16341","/repositories/5/resources/3911"
"/repositories/5/events/16343","/repositories/5/resources/3911"
"/repositories/5/events/16347","/repositories/5/resources/3911"
"/repositories/5/events/16351","/repositories/5/resources/3911"
"/repositories/5/events/16353","/repositories/5/resources/3911"
"/repositories/5/events/16355","/repositories/5/resources/3911"
"/repositories/5/events/16369","/repositories/5/resources/3911"
"/repositories/5/events/16471","/repositories/5/resources/3609"
"/repositories/5/events/16473","/repositories/5/resources/3609"
"/repositories/5/events/16485","/repositories/5/resources/3988"
"/repositories/5/events/16487","/repositories/5/resources/3988"
"/repositories/5/events/16752","/repositories/5/resources/3749"