blank,tc_uri
,/repositories/9/top_containers/118857
,/repositories/9/top_containers/118856
,/repositories/9/top_containers/118852
,/repositories/9/top_containers/118853
,/repositories/9/top_containers/118854
,/repositories/9/top_containers/118855
,/repositories/9/top_containers/118848
,/repositories/9/top_containers/118849
,/repositories/9/top_containers/118850
,/repositories/9/top_containers/118851
,/repositories/9/top_containers/118858
,/repositories/9/top_containers/118859
,/repositories/9/top_containers/118860
,/repositories/9/top_containers/118861
,/repositories/9/top_containers/118862
,/repositories/9/top_containers/118863
,/repositories/9/top_containers/118864
,/repositories/9/top_containers/118865
,/repositories/9/top_containers/118866
,/repositories/9/top_containers/118867
,/repositories/9/top_containers/118868
,/repositories/9/top_containers/118869
,/repositories/9/top_containers/118870
,/repositories/9/top_containers/118871
,/repositories/9/top_containers/118872
,/repositories/9/top_containers/118873
,/repositories/9/top_containers/118874
,/repositories/9/top_containers/118875
,/repositories/9/top_containers/118876
,/repositories/9/top_containers/118877
,/repositories/9/top_containers/118878
,/repositories/9/top_containers/118879
,/repositories/9/top_containers/118880
,/repositories/9/top_containers/118881