blank,container_uri,ao_uri
,/repositories/4/top_containers/119111,/repositories/4/archival_objects/1378905
,/repositories/4/top_containers/119112,/repositories/4/archival_objects/1378905
,/repositories/4/top_containers/119113,/repositories/4/archival_objects/1378905
,/repositories/4/top_containers/119114,/repositories/4/archival_objects/1382886
,/repositories/4/top_containers/119115,/repositories/4/archival_objects/1382886
,/repositories/4/top_containers/119116,/repositories/4/archival_objects/1379362
,/repositories/4/top_containers/119117,/repositories/4/archival_objects/1379362
,/repositories/4/top_containers/119118,/repositories/4/archival_objects/1379362
,/repositories/4/top_containers/119119,/repositories/4/archival_objects/1379362
,/repositories/4/top_containers/119120,/repositories/4/archival_objects/1383337
,/repositories/4/top_containers/119121,/repositories/4/archival_objects/1379475
,/repositories/4/top_containers/119122,/repositories/4/archival_objects/1379823
,/repositories/4/top_containers/119123,/repositories/4/archival_objects/1379989
,/repositories/4/top_containers/119124,/repositories/4/archival_objects/1379989
,/repositories/4/top_containers/119125,/repositories/4/archival_objects/1379989
,/repositories/4/top_containers/119126,/repositories/4/archival_objects/1379989
,/repositories/4/top_containers/119127,/repositories/4/archival_objects/1380162
,/repositories/4/top_containers/119128,/repositories/4/archival_objects/1379501
,/repositories/4/top_containers/119129,/repositories/4/archival_objects/1379501
,/repositories/4/top_containers/119130,/repositories/4/archival_objects/1379501
,/repositories/4/top_containers/119131,/repositories/4/archival_objects/1379800
,/repositories/4/top_containers/119132,/repositories/4/archival_objects/1379800
,/repositories/4/top_containers/119133,/repositories/4/archival_objects/1379800
,/repositories/4/top_containers/119134,/repositories/4/archival_objects/1379800
,/repositories/4/top_containers/119135,/repositories/4/archival_objects/1379800
,/repositories/4/top_containers/119136,/repositories/4/archival_objects/1379800
,/repositories/4/top_containers/119137,/repositories/4/archival_objects/1379800
,/repositories/4/top_containers/119138,/repositories/4/archival_objects/1379824
,/repositories/4/top_containers/119139,/repositories/4/archival_objects/1379824
,/repositories/4/top_containers/119140,/repositories/4/archival_objects/1379824
,/repositories/4/top_containers/119141,/repositories/4/archival_objects/1379845
,/repositories/4/top_containers/119142,/repositories/4/archival_objects/1379845
,/repositories/4/top_containers/119143,/repositories/4/archival_objects/1379845
,/repositories/4/top_containers/119144,/repositories/4/archival_objects/1379845
,/repositories/4/top_containers/119145,/repositories/4/archival_objects/1379845
,/repositories/4/top_containers/119146,/repositories/4/archival_objects/1379845
,/repositories/4/top_containers/119147,/repositories/4/archival_objects/1379845
,/repositories/4/top_containers/119148,/repositories/4/archival_objects/1379861
,/repositories/4/top_containers/119149,/repositories/4/archival_objects/1379861
,/repositories/4/top_containers/119150,/repositories/4/archival_objects/1379861
,/repositories/4/top_containers/119151,/repositories/4/archival_objects/1379861
,/repositories/4/top_containers/119152,/repositories/4/archival_objects/1379964
,/repositories/4/top_containers/119153,/repositories/4/archival_objects/1379982
,/repositories/4/top_containers/119154,/repositories/4/archival_objects/1380017
,/repositories/4/top_containers/119155,/repositories/4/archival_objects/1380017
,/repositories/4/top_containers/119156,/repositories/4/archival_objects/1380017
,/repositories/4/top_containers/119157,/repositories/4/archival_objects/1380182
,/repositories/4/top_containers/119158,/repositories/4/archival_objects/1378914
,/repositories/4/top_containers/119159,/repositories/4/archival_objects/1398955
,/repositories/4/top_containers/119160,/repositories/4/archival_objects/1397324
,/repositories/5/top_containers/119161,/repositories/5/archival_objects/1077842
,/repositories/5/top_containers/119162,/repositories/5/archival_objects/1077767
,/repositories/5/top_containers/119163,/repositories/5/archival_objects/1077952
,/repositories/5/top_containers/119164,/repositories/5/archival_objects/888407
,/repositories/5/top_containers/119165,/repositories/5/archival_objects/1142127
,/repositories/5/top_containers/119166,/repositories/5/archival_objects/1142144
,/repositories/5/top_containers/119167,/repositories/5/archival_objects/1142144
,/repositories/5/top_containers/119168,/repositories/5/archival_objects/1142144
,/repositories/5/top_containers/119169,/repositories/5/archival_objects/1142144
,/repositories/5/top_containers/119170,/repositories/5/archival_objects/1142144
,/repositories/5/top_containers/119171,/repositories/5/archival_objects/1142144
,/repositories/5/top_containers/119172,/repositories/5/archival_objects/1142146
,/repositories/5/top_containers/119173,/repositories/5/archival_objects/1142146
,/repositories/5/top_containers/119174,/repositories/5/archival_objects/1142146
,/repositories/5/top_containers/119175,/repositories/5/archival_objects/1142149
,/repositories/5/top_containers/119176,/repositories/5/archival_objects/1142150
,/repositories/5/top_containers/119177,/repositories/5/archival_objects/1176073
,/repositories/5/top_containers/119178,/repositories/5/archival_objects/1174334
,/repositories/5/top_containers/119179,/repositories/5/archival_objects/961965
,/repositories/5/top_containers/119180,/repositories/5/archival_objects/961965
,/repositories/5/top_containers/119181,/repositories/5/archival_objects/961965
,/repositories/5/top_containers/119182,/repositories/5/archival_objects/961965
,/repositories/5/top_containers/119183,/repositories/5/archival_objects/961965
,/repositories/5/top_containers/119184,/repositories/5/archival_objects/961965
,/repositories/5/top_containers/119185,/repositories/5/archival_objects/961965
,/repositories/5/top_containers/119186,/repositories/5/archival_objects/884105
,/repositories/5/top_containers/119187,/repositories/5/archival_objects/884105
,/repositories/5/top_containers/119188,/repositories/5/archival_objects/862831
,/repositories/5/top_containers/119189,/repositories/5/archival_objects/862837
,/repositories/5/top_containers/119190,/repositories/5/archival_objects/862839
,/repositories/3/top_containers/119191,/repositories/3/archival_objects/405057
,/repositories/3/top_containers/119192,/repositories/3/archival_objects/405057
,/repositories/3/top_containers/119193,/repositories/3/archival_objects/405057
,/repositories/3/top_containers/119194,/repositories/3/archival_objects/405057
,/repositories/3/top_containers/119195,/repositories/3/archival_objects/405058
,/repositories/3/top_containers/119196,/repositories/3/archival_objects/405058
,/repositories/3/top_containers/119197,/repositories/3/archival_objects/405058
,/repositories/3/top_containers/119198,/repositories/3/archival_objects/405058
,/repositories/3/top_containers/119199,/repositories/3/archival_objects/405058
,/repositories/3/top_containers/119200,/repositories/3/archival_objects/520753
,/repositories/3/top_containers/119201,/repositories/3/archival_objects/528370
,/repositories/3/top_containers/119202,/repositories/3/archival_objects/528370
,/repositories/3/top_containers/119203,/repositories/3/archival_objects/528372
,/repositories/3/top_containers/119204,/repositories/3/archival_objects/528372
,/repositories/3/top_containers/119205,/repositories/3/archival_objects/528372
,/repositories/3/top_containers/119206,/repositories/3/archival_objects/520994
,/repositories/3/top_containers/119207,/repositories/3/archival_objects/520994
,/repositories/3/top_containers/119206,/repositories/3/archival_objects/520995
,/repositories/3/top_containers/119207,/repositories/3/archival_objects/520995
,/repositories/3/top_containers/119206,/repositories/3/archival_objects/520996
,/repositories/3/top_containers/119207,/repositories/3/archival_objects/520996
,/repositories/3/top_containers/119206,/repositories/3/archival_objects/520997
,/repositories/3/top_containers/119207,/repositories/3/archival_objects/520997
,/repositories/3/top_containers/119206,/repositories/3/archival_objects/520998
,/repositories/3/top_containers/119207,/repositories/3/archival_objects/520998
,/repositories/3/top_containers/119206,/repositories/3/archival_objects/520999
,/repositories/3/top_containers/119207,/repositories/3/archival_objects/520999
,/repositories/3/top_containers/119206,/repositories/3/archival_objects/521000
,/repositories/3/top_containers/119207,/repositories/3/archival_objects/521000
,/repositories/3/top_containers/119206,/repositories/3/archival_objects/521001
,/repositories/3/top_containers/119207,/repositories/3/archival_objects/521001
,/repositories/3/top_containers/119206,/repositories/3/archival_objects/521002
,/repositories/3/top_containers/119207,/repositories/3/archival_objects/521002
,/repositories/3/top_containers/119206,/repositories/3/archival_objects/521003
,/repositories/3/top_containers/119207,/repositories/3/archival_objects/521003
,/repositories/3/top_containers/119206,/repositories/3/archival_objects/521004
,/repositories/3/top_containers/119207,/repositories/3/archival_objects/521004
,/repositories/3/top_containers/119206,/repositories/3/archival_objects/521005
,/repositories/3/top_containers/119207,/repositories/3/archival_objects/521005
,/repositories/3/top_containers/119206,/repositories/3/archival_objects/521006
,/repositories/3/top_containers/119207,/repositories/3/archival_objects/521006
,/repositories/3/top_containers/119206,/repositories/3/archival_objects/521007
,/repositories/3/top_containers/119207,/repositories/3/archival_objects/521007
,/repositories/3/top_containers/119206,/repositories/3/archival_objects/521008
,/repositories/3/top_containers/119207,/repositories/3/archival_objects/521008
,/repositories/3/top_containers/119206,/repositories/3/archival_objects/521009
,/repositories/3/top_containers/119207,/repositories/3/archival_objects/521009
,/repositories/3/top_containers/119206,/repositories/3/archival_objects/521010
,/repositories/3/top_containers/119207,/repositories/3/archival_objects/521010
,/repositories/3/top_containers/119206,/repositories/3/archival_objects/521011
,/repositories/3/top_containers/119207,/repositories/3/archival_objects/521011
,/repositories/3/top_containers/119206,/repositories/3/archival_objects/521012
,/repositories/3/top_containers/119207,/repositories/3/archival_objects/521012
,/repositories/3/top_containers/119206,/repositories/3/archival_objects/521013
,/repositories/3/top_containers/119207,/repositories/3/archival_objects/521013
,/repositories/3/top_containers/119206,/repositories/3/archival_objects/521014
,/repositories/3/top_containers/119207,/repositories/3/archival_objects/521014
,/repositories/3/top_containers/119206,/repositories/3/archival_objects/521015
,/repositories/3/top_containers/119207,/repositories/3/archival_objects/521015
,/repositories/3/top_containers/119206,/repositories/3/archival_objects/521016
,/repositories/3/top_containers/119207,/repositories/3/archival_objects/521016
,/repositories/3/top_containers/119206,/repositories/3/archival_objects/521017
,/repositories/3/top_containers/119207,/repositories/3/archival_objects/521017
,/repositories/3/top_containers/119206,/repositories/3/archival_objects/521018
,/repositories/3/top_containers/119207,/repositories/3/archival_objects/521018
,/repositories/3/top_containers/119206,/repositories/3/archival_objects/521019
,/repositories/3/top_containers/119207,/repositories/3/archival_objects/521019
,/repositories/3/top_containers/119206,/repositories/3/archival_objects/521021
,/repositories/3/top_containers/119207,/repositories/3/archival_objects/521021
,/repositories/3/top_containers/119206,/repositories/3/archival_objects/521023
,/repositories/3/top_containers/119207,/repositories/3/archival_objects/521023
,/repositories/3/top_containers/119206,/repositories/3/archival_objects/521024
,/repositories/3/top_containers/119207,/repositories/3/archival_objects/521024
,/repositories/3/top_containers/119206,/repositories/3/archival_objects/521025
,/repositories/3/top_containers/119207,/repositories/3/archival_objects/521025
,/repositories/3/top_containers/119206,/repositories/3/archival_objects/521026
,/repositories/3/top_containers/119207,/repositories/3/archival_objects/521026
,/repositories/3/top_containers/119206,/repositories/3/archival_objects/521027
,/repositories/3/top_containers/119207,/repositories/3/archival_objects/521027
,/repositories/3/top_containers/119206,/repositories/3/archival_objects/521028
,/repositories/3/top_containers/119207,/repositories/3/archival_objects/521028
,/repositories/3/top_containers/119206,/repositories/3/archival_objects/521029
,/repositories/3/top_containers/119207,/repositories/3/archival_objects/521029
,/repositories/3/top_containers/119206,/repositories/3/archival_objects/521030
,/repositories/3/top_containers/119207,/repositories/3/archival_objects/521030
,/repositories/3/top_containers/119206,/repositories/3/archival_objects/521031
,/repositories/3/top_containers/119207,/repositories/3/archival_objects/521031
,/repositories/3/top_containers/119206,/repositories/3/archival_objects/521032
,/repositories/3/top_containers/119207,/repositories/3/archival_objects/521032
,/repositories/3/top_containers/119206,/repositories/3/archival_objects/521033
,/repositories/3/top_containers/119207,/repositories/3/archival_objects/521033
,/repositories/3/top_containers/119206,/repositories/3/archival_objects/521034
,/repositories/3/top_containers/119207,/repositories/3/archival_objects/521034
,/repositories/3/top_containers/119206,/repositories/3/archival_objects/521035
,/repositories/3/top_containers/119207,/repositories/3/archival_objects/521035
,/repositories/3/top_containers/119206,/repositories/3/archival_objects/521036
,/repositories/3/top_containers/119207,/repositories/3/archival_objects/521036
,/repositories/3/top_containers/119206,/repositories/3/archival_objects/521037
,/repositories/3/top_containers/119207,/repositories/3/archival_objects/521037
,/repositories/3/top_containers/119206,/repositories/3/archival_objects/521038
,/repositories/3/top_containers/119207,/repositories/3/archival_objects/521038
,/repositories/3/top_containers/119206,/repositories/3/archival_objects/521039
,/repositories/3/top_containers/119207,/repositories/3/archival_objects/521039
,/repositories/3/top_containers/119206,/repositories/3/archival_objects/521040
,/repositories/3/top_containers/119207,/repositories/3/archival_objects/521040
,/repositories/3/top_containers/119206,/repositories/3/archival_objects/521041
,/repositories/3/top_containers/119207,/repositories/3/archival_objects/521041
,/repositories/3/top_containers/119206,/repositories/3/archival_objects/521042
,/repositories/3/top_containers/119207,/repositories/3/archival_objects/521042
,/repositories/3/top_containers/119206,/repositories/3/archival_objects/521043
,/repositories/3/top_containers/119207,/repositories/3/archival_objects/521043
,/repositories/3/top_containers/119206,/repositories/3/archival_objects/521044
,/repositories/3/top_containers/119207,/repositories/3/archival_objects/521044
,/repositories/3/top_containers/119206,/repositories/3/archival_objects/521045
,/repositories/3/top_containers/119207,/repositories/3/archival_objects/521045
,/repositories/3/top_containers/119206,/repositories/3/archival_objects/521046
,/repositories/3/top_containers/119207,/repositories/3/archival_objects/521046
,/repositories/3/top_containers/119206,/repositories/3/archival_objects/521047
,/repositories/3/top_containers/119207,/repositories/3/archival_objects/521047
,/repositories/3/top_containers/119206,/repositories/3/archival_objects/521048
,/repositories/3/top_containers/119207,/repositories/3/archival_objects/521048
,/repositories/3/top_containers/119206,/repositories/3/archival_objects/521049
,/repositories/3/top_containers/119207,/repositories/3/archival_objects/521049
,/repositories/3/top_containers/119206,/repositories/3/archival_objects/521050
,/repositories/3/top_containers/119207,/repositories/3/archival_objects/521050
,/repositories/3/top_containers/119206,/repositories/3/archival_objects/521051
,/repositories/3/top_containers/119207,/repositories/3/archival_objects/521051
,/repositories/3/top_containers/119206,/repositories/3/archival_objects/521052
,/repositories/3/top_containers/119207,/repositories/3/archival_objects/521052
,/repositories/3/top_containers/119206,/repositories/3/archival_objects/521053
,/repositories/3/top_containers/119207,/repositories/3/archival_objects/521053
,/repositories/3/top_containers/119206,/repositories/3/archival_objects/521054
,/repositories/3/top_containers/119207,/repositories/3/archival_objects/521054
,/repositories/3/top_containers/119206,/repositories/3/archival_objects/521055
,/repositories/3/top_containers/119207,/repositories/3/archival_objects/521055
,/repositories/3/top_containers/119206,/repositories/3/archival_objects/521056
,/repositories/3/top_containers/119207,/repositories/3/archival_objects/521056
,/repositories/3/top_containers/119206,/repositories/3/archival_objects/521057
,/repositories/3/top_containers/119207,/repositories/3/archival_objects/521057
,/repositories/3/top_containers/119206,/repositories/3/archival_objects/521058
,/repositories/3/top_containers/119207,/repositories/3/archival_objects/521058
,/repositories/3/top_containers/119206,/repositories/3/archival_objects/521059
,/repositories/3/top_containers/119207,/repositories/3/archival_objects/521059
,/repositories/3/top_containers/119206,/repositories/3/archival_objects/521060
,/repositories/3/top_containers/119207,/repositories/3/archival_objects/521060
,/repositories/3/top_containers/119206,/repositories/3/archival_objects/521061
,/repositories/3/top_containers/119207,/repositories/3/archival_objects/521061
,/repositories/3/top_containers/119206,/repositories/3/archival_objects/521062
,/repositories/3/top_containers/119207,/repositories/3/archival_objects/521062
,/repositories/3/top_containers/119206,/repositories/3/archival_objects/521063
,/repositories/3/top_containers/119207,/repositories/3/archival_objects/521063
,/repositories/3/top_containers/119206,/repositories/3/archival_objects/521064
,/repositories/3/top_containers/119207,/repositories/3/archival_objects/521064
,/repositories/3/top_containers/119206,/repositories/3/archival_objects/521065
,/repositories/3/top_containers/119207,/repositories/3/archival_objects/521065
,/repositories/3/top_containers/119208,/repositories/3/archival_objects/521103
,/repositories/3/top_containers/119209,/repositories/3/archival_objects/521103
,/repositories/3/top_containers/119208,/repositories/3/archival_objects/521104
,/repositories/3/top_containers/119209,/repositories/3/archival_objects/521104
,/repositories/3/top_containers/119208,/repositories/3/archival_objects/521105
,/repositories/3/top_containers/119209,/repositories/3/archival_objects/521105
,/repositories/3/top_containers/119208,/repositories/3/archival_objects/521106
,/repositories/3/top_containers/119209,/repositories/3/archival_objects/521106
,/repositories/3/top_containers/119208,/repositories/3/archival_objects/521107
,/repositories/3/top_containers/119209,/repositories/3/archival_objects/521107
,/repositories/3/top_containers/119208,/repositories/3/archival_objects/521108
,/repositories/3/top_containers/119209,/repositories/3/archival_objects/521108
,/repositories/3/top_containers/119208,/repositories/3/archival_objects/521109
,/repositories/3/top_containers/119209,/repositories/3/archival_objects/521109
,/repositories/3/top_containers/119208,/repositories/3/archival_objects/521110
,/repositories/3/top_containers/119209,/repositories/3/archival_objects/521110
,/repositories/3/top_containers/119208,/repositories/3/archival_objects/521111
,/repositories/3/top_containers/119209,/repositories/3/archival_objects/521111
,/repositories/3/top_containers/119208,/repositories/3/archival_objects/521112
,/repositories/3/top_containers/119209,/repositories/3/archival_objects/521112
,/repositories/3/top_containers/119208,/repositories/3/archival_objects/521113
,/repositories/3/top_containers/119209,/repositories/3/archival_objects/521113
,/repositories/3/top_containers/119208,/repositories/3/archival_objects/521114
,/repositories/3/top_containers/119209,/repositories/3/archival_objects/521114
,/repositories/3/top_containers/119208,/repositories/3/archival_objects/521115
,/repositories/3/top_containers/119209,/repositories/3/archival_objects/521115
,/repositories/3/top_containers/119208,/repositories/3/archival_objects/521116
,/repositories/3/top_containers/119209,/repositories/3/archival_objects/521116
,/repositories/3/top_containers/119208,/repositories/3/archival_objects/521117
,/repositories/3/top_containers/119209,/repositories/3/archival_objects/521117
,/repositories/3/top_containers/119208,/repositories/3/archival_objects/521118
,/repositories/3/top_containers/119209,/repositories/3/archival_objects/521118
,/repositories/3/top_containers/119208,/repositories/3/archival_objects/521119
,/repositories/3/top_containers/119209,/repositories/3/archival_objects/521119
,/repositories/3/top_containers/119208,/repositories/3/archival_objects/521120
,/repositories/3/top_containers/119209,/repositories/3/archival_objects/521120
,/repositories/3/top_containers/119208,/repositories/3/archival_objects/521121
,/repositories/3/top_containers/119209,/repositories/3/archival_objects/521121
,/repositories/3/top_containers/119208,/repositories/3/archival_objects/521122
,/repositories/3/top_containers/119209,/repositories/3/archival_objects/521122
,/repositories/3/top_containers/119208,/repositories/3/archival_objects/521123
,/repositories/3/top_containers/119209,/repositories/3/archival_objects/521123
,/repositories/3/top_containers/119208,/repositories/3/archival_objects/521124
,/repositories/3/top_containers/119209,/repositories/3/archival_objects/521124
,/repositories/3/top_containers/119208,/repositories/3/archival_objects/521125
,/repositories/3/top_containers/119209,/repositories/3/archival_objects/521125
,/repositories/3/top_containers/119208,/repositories/3/archival_objects/521126
,/repositories/3/top_containers/119209,/repositories/3/archival_objects/521126
,/repositories/3/top_containers/119208,/repositories/3/archival_objects/521127
,/repositories/3/top_containers/119209,/repositories/3/archival_objects/521127
,/repositories/3/top_containers/119208,/repositories/3/archival_objects/521128
,/repositories/3/top_containers/119209,/repositories/3/archival_objects/521128
,/repositories/3/top_containers/119208,/repositories/3/archival_objects/521129
,/repositories/3/top_containers/119209,/repositories/3/archival_objects/521129
,/repositories/3/top_containers/119208,/repositories/3/archival_objects/521130
,/repositories/3/top_containers/119209,/repositories/3/archival_objects/521130
,/repositories/3/top_containers/119208,/repositories/3/archival_objects/521131
,/repositories/3/top_containers/119209,/repositories/3/archival_objects/521131
,/repositories/3/top_containers/119208,/repositories/3/archival_objects/521132
,/repositories/3/top_containers/119209,/repositories/3/archival_objects/521132
,/repositories/3/top_containers/119208,/repositories/3/archival_objects/521133
,/repositories/3/top_containers/119209,/repositories/3/archival_objects/521133
,/repositories/3/top_containers/119208,/repositories/3/archival_objects/521134
,/repositories/3/top_containers/119209,/repositories/3/archival_objects/521134
,/repositories/3/top_containers/119208,/repositories/3/archival_objects/521135
,/repositories/3/top_containers/119209,/repositories/3/archival_objects/521135
,/repositories/3/top_containers/119208,/repositories/3/archival_objects/521136
,/repositories/3/top_containers/119209,/repositories/3/archival_objects/521136
,/repositories/3/top_containers/119208,/repositories/3/archival_objects/521137
,/repositories/3/top_containers/119209,/repositories/3/archival_objects/521137
,/repositories/3/top_containers/119208,/repositories/3/archival_objects/521138
,/repositories/3/top_containers/119209,/repositories/3/archival_objects/521138
,/repositories/3/top_containers/119208,/repositories/3/archival_objects/521139
,/repositories/3/top_containers/119209,/repositories/3/archival_objects/521139
,/repositories/3/top_containers/119208,/repositories/3/archival_objects/521140
,/repositories/3/top_containers/119209,/repositories/3/archival_objects/521140
,/repositories/3/top_containers/119208,/repositories/3/archival_objects/521141
,/repositories/3/top_containers/119209,/repositories/3/archival_objects/521141
,/repositories/3/top_containers/119208,/repositories/3/archival_objects/521142
,/repositories/3/top_containers/119209,/repositories/3/archival_objects/521142
,/repositories/3/top_containers/119208,/repositories/3/archival_objects/521143
,/repositories/3/top_containers/119209,/repositories/3/archival_objects/521143
,/repositories/3/top_containers/119208,/repositories/3/archival_objects/521144
,/repositories/3/top_containers/119209,/repositories/3/archival_objects/521144
,/repositories/3/top_containers/119208,/repositories/3/archival_objects/521145
,/repositories/3/top_containers/119209,/repositories/3/archival_objects/521145
,/repositories/3/top_containers/119208,/repositories/3/archival_objects/521146
,/repositories/3/top_containers/119209,/repositories/3/archival_objects/521146
,/repositories/3/top_containers/119208,/repositories/3/archival_objects/521147
,/repositories/3/top_containers/119209,/repositories/3/archival_objects/521147
,/repositories/3/top_containers/119208,/repositories/3/archival_objects/521148
,/repositories/3/top_containers/119209,/repositories/3/archival_objects/521148
,/repositories/3/top_containers/119208,/repositories/3/archival_objects/521149
,/repositories/3/top_containers/119209,/repositories/3/archival_objects/521149
,/repositories/3/top_containers/119208,/repositories/3/archival_objects/521150
,/repositories/3/top_containers/119209,/repositories/3/archival_objects/521150
,/repositories/3/top_containers/119208,/repositories/3/archival_objects/521151
,/repositories/3/top_containers/119209,/repositories/3/archival_objects/521151
,/repositories/3/top_containers/119208,/repositories/3/archival_objects/521152
,/repositories/3/top_containers/119209,/repositories/3/archival_objects/521152
,/repositories/3/top_containers/119208,/repositories/3/archival_objects/521153
,/repositories/3/top_containers/119209,/repositories/3/archival_objects/521153
,/repositories/3/top_containers/119208,/repositories/3/archival_objects/521154
,/repositories/3/top_containers/119209,/repositories/3/archival_objects/521154
,/repositories/3/top_containers/119208,/repositories/3/archival_objects/521155
,/repositories/3/top_containers/119209,/repositories/3/archival_objects/521155
,/repositories/3/top_containers/119208,/repositories/3/archival_objects/521156
,/repositories/3/top_containers/119209,/repositories/3/archival_objects/521156
,/repositories/3/top_containers/119208,/repositories/3/archival_objects/521157
,/repositories/3/top_containers/119209,/repositories/3/archival_objects/521157
,/repositories/3/top_containers/119208,/repositories/3/archival_objects/521158
,/repositories/3/top_containers/119209,/repositories/3/archival_objects/521158
,/repositories/3/top_containers/119208,/repositories/3/archival_objects/521159
,/repositories/3/top_containers/119209,/repositories/3/archival_objects/521159
,/repositories/3/top_containers/119208,/repositories/3/archival_objects/521160
,/repositories/3/top_containers/119209,/repositories/3/archival_objects/521160
,/repositories/3/top_containers/119208,/repositories/3/archival_objects/521161
,/repositories/3/top_containers/119209,/repositories/3/archival_objects/521161
,/repositories/3/top_containers/119208,/repositories/3/archival_objects/521162
,/repositories/3/top_containers/119209,/repositories/3/archival_objects/521162
,/repositories/3/top_containers/119208,/repositories/3/archival_objects/521163
,/repositories/3/top_containers/119209,/repositories/3/archival_objects/521163
,/repositories/3/top_containers/119208,/repositories/3/archival_objects/521164
,/repositories/3/top_containers/119209,/repositories/3/archival_objects/521164
,/repositories/3/top_containers/119208,/repositories/3/archival_objects/521165
,/repositories/3/top_containers/119209,/repositories/3/archival_objects/521165
,/repositories/3/top_containers/119208,/repositories/3/archival_objects/521166
,/repositories/3/top_containers/119209,/repositories/3/archival_objects/521166
,/repositories/3/top_containers/119208,/repositories/3/archival_objects/521167
,/repositories/3/top_containers/119209,/repositories/3/archival_objects/521167
,/repositories/3/top_containers/119208,/repositories/3/archival_objects/521168
,/repositories/3/top_containers/119209,/repositories/3/archival_objects/521168
,/repositories/3/top_containers/119208,/repositories/3/archival_objects/521169
,/repositories/3/top_containers/119209,/repositories/3/archival_objects/521169
,/repositories/3/top_containers/119208,/repositories/3/archival_objects/521170
,/repositories/3/top_containers/119209,/repositories/3/archival_objects/521170
,/repositories/3/top_containers/119208,/repositories/3/archival_objects/521171
,/repositories/3/top_containers/119209,/repositories/3/archival_objects/521171
,/repositories/3/top_containers/119208,/repositories/3/archival_objects/521172
,/repositories/3/top_containers/119209,/repositories/3/archival_objects/521172
,/repositories/3/top_containers/119208,/repositories/3/archival_objects/521173
,/repositories/3/top_containers/119209,/repositories/3/archival_objects/521173
,/repositories/3/top_containers/119208,/repositories/3/archival_objects/521174
,/repositories/3/top_containers/119209,/repositories/3/archival_objects/521174
,/repositories/3/top_containers/119208,/repositories/3/archival_objects/521175
,/repositories/3/top_containers/119209,/repositories/3/archival_objects/521175
,/repositories/3/top_containers/119208,/repositories/3/archival_objects/521176
,/repositories/3/top_containers/119209,/repositories/3/archival_objects/521176
,/repositories/3/top_containers/119208,/repositories/3/archival_objects/521177
,/repositories/3/top_containers/119209,/repositories/3/archival_objects/521177
,/repositories/3/top_containers/119208,/repositories/3/archival_objects/521178
,/repositories/3/top_containers/119209,/repositories/3/archival_objects/521178
,/repositories/3/top_containers/119208,/repositories/3/archival_objects/521179
,/repositories/3/top_containers/119209,/repositories/3/archival_objects/521179
,/repositories/3/top_containers/119208,/repositories/3/archival_objects/521180
,/repositories/3/top_containers/119209,/repositories/3/archival_objects/521180
,/repositories/3/top_containers/119208,/repositories/3/archival_objects/521181
,/repositories/3/top_containers/119209,/repositories/3/archival_objects/521181
,/repositories/3/top_containers/119208,/repositories/3/archival_objects/521182
,/repositories/3/top_containers/119209,/repositories/3/archival_objects/521182
,/repositories/3/top_containers/119208,/repositories/3/archival_objects/521183
,/repositories/3/top_containers/119209,/repositories/3/archival_objects/521183
,/repositories/3/top_containers/119208,/repositories/3/archival_objects/521184
,/repositories/3/top_containers/119209,/repositories/3/archival_objects/521184
,/repositories/3/top_containers/119208,/repositories/3/archival_objects/521185
,/repositories/3/top_containers/119209,/repositories/3/archival_objects/521185
,/repositories/3/top_containers/119208,/repositories/3/archival_objects/521186
,/repositories/3/top_containers/119209,/repositories/3/archival_objects/521186
,/repositories/3/top_containers/119208,/repositories/3/archival_objects/521187
,/repositories/3/top_containers/119209,/repositories/3/archival_objects/521187
,/repositories/3/top_containers/119208,/repositories/3/archival_objects/521188
,/repositories/3/top_containers/119209,/repositories/3/archival_objects/521188
,/repositories/3/top_containers/119210,/repositories/3/archival_objects/521189
,/repositories/3/top_containers/119211,/repositories/3/archival_objects/521189
,/repositories/3/top_containers/119210,/repositories/3/archival_objects/521190
,/repositories/3/top_containers/119211,/repositories/3/archival_objects/521190
,/repositories/3/top_containers/119210,/repositories/3/archival_objects/521191
,/repositories/3/top_containers/119211,/repositories/3/archival_objects/521191
,/repositories/3/top_containers/119210,/repositories/3/archival_objects/521192
,/repositories/3/top_containers/119211,/repositories/3/archival_objects/521192
,/repositories/3/top_containers/119210,/repositories/3/archival_objects/521193
,/repositories/3/top_containers/119211,/repositories/3/archival_objects/521193
,/repositories/3/top_containers/119210,/repositories/3/archival_objects/521194
,/repositories/3/top_containers/119211,/repositories/3/archival_objects/521194
,/repositories/3/top_containers/119210,/repositories/3/archival_objects/521195
,/repositories/3/top_containers/119211,/repositories/3/archival_objects/521195
,/repositories/3/top_containers/119210,/repositories/3/archival_objects/528384
,/repositories/3/top_containers/119211,/repositories/3/archival_objects/528384
,/repositories/3/top_containers/119210,/repositories/3/archival_objects/528385
,/repositories/3/top_containers/119211,/repositories/3/archival_objects/528385
,/repositories/3/top_containers/119210,/repositories/3/archival_objects/521197
,/repositories/3/top_containers/119211,/repositories/3/archival_objects/521197
,/repositories/3/top_containers/119210,/repositories/3/archival_objects/521198
,/repositories/3/top_containers/119211,/repositories/3/archival_objects/521198
,/repositories/3/top_containers/119210,/repositories/3/archival_objects/521199
,/repositories/3/top_containers/119211,/repositories/3/archival_objects/521199
,/repositories/3/top_containers/119210,/repositories/3/archival_objects/521200
,/repositories/3/top_containers/119211,/repositories/3/archival_objects/521200
,/repositories/3/top_containers/119210,/repositories/3/archival_objects/521201
,/repositories/3/top_containers/119211,/repositories/3/archival_objects/521201
,/repositories/3/top_containers/119210,/repositories/3/archival_objects/521202
,/repositories/3/top_containers/119211,/repositories/3/archival_objects/521202
,/repositories/3/top_containers/119210,/repositories/3/archival_objects/521203
,/repositories/3/top_containers/119211,/repositories/3/archival_objects/521203
,/repositories/3/top_containers/119210,/repositories/3/archival_objects/521204
,/repositories/3/top_containers/119211,/repositories/3/archival_objects/521204
,/repositories/3/top_containers/119210,/repositories/3/archival_objects/521205
,/repositories/3/top_containers/119211,/repositories/3/archival_objects/521205
,/repositories/3/top_containers/119210,/repositories/3/archival_objects/521206
,/repositories/3/top_containers/119211,/repositories/3/archival_objects/521206
,/repositories/3/top_containers/119210,/repositories/3/archival_objects/521207
,/repositories/3/top_containers/119211,/repositories/3/archival_objects/521207
,/repositories/3/top_containers/119210,/repositories/3/archival_objects/521208
,/repositories/3/top_containers/119211,/repositories/3/archival_objects/521208
,/repositories/3/top_containers/119210,/repositories/3/archival_objects/521209
,/repositories/3/top_containers/119211,/repositories/3/archival_objects/521209
,/repositories/3/top_containers/119210,/repositories/3/archival_objects/521210
,/repositories/3/top_containers/119211,/repositories/3/archival_objects/521210
,/repositories/3/top_containers/119210,/repositories/3/archival_objects/521211
,/repositories/3/top_containers/119211,/repositories/3/archival_objects/521211
,/repositories/3/top_containers/119210,/repositories/3/archival_objects/521212
,/repositories/3/top_containers/119211,/repositories/3/archival_objects/521212
,/repositories/3/top_containers/119210,/repositories/3/archival_objects/521213
,/repositories/3/top_containers/119211,/repositories/3/archival_objects/521213
,/repositories/3/top_containers/119210,/repositories/3/archival_objects/521214
,/repositories/3/top_containers/119211,/repositories/3/archival_objects/521214
,/repositories/3/top_containers/119210,/repositories/3/archival_objects/521215
,/repositories/3/top_containers/119211,/repositories/3/archival_objects/521215
,/repositories/3/top_containers/119210,/repositories/3/archival_objects/521216
,/repositories/3/top_containers/119211,/repositories/3/archival_objects/521216
,/repositories/3/top_containers/119210,/repositories/3/archival_objects/521217
,/repositories/3/top_containers/119211,/repositories/3/archival_objects/521217
,/repositories/3/top_containers/119210,/repositories/3/archival_objects/521218
,/repositories/3/top_containers/119211,/repositories/3/archival_objects/521218
,/repositories/3/top_containers/119210,/repositories/3/archival_objects/521219
,/repositories/3/top_containers/119211,/repositories/3/archival_objects/521219
,/repositories/3/top_containers/119206,/repositories/3/archival_objects/521020
,/repositories/3/top_containers/119207,/repositories/3/archival_objects/521020
,/repositories/3/top_containers/119206,/repositories/3/archival_objects/521022
,/repositories/3/top_containers/119207,/repositories/3/archival_objects/521022
,/repositories/3/top_containers/119212,/repositories/3/archival_objects/520227
,/repositories/3/top_containers/119213,/repositories/3/archival_objects/520227
,/repositories/3/top_containers/119214,/repositories/3/archival_objects/520227
,/repositories/3/top_containers/119215,/repositories/3/archival_objects/520233
,/repositories/3/top_containers/119216,/repositories/3/archival_objects/520233
,/repositories/3/top_containers/119217,/repositories/3/archival_objects/520217
,/repositories/3/top_containers/119218,/repositories/3/archival_objects/520217
,/repositories/3/top_containers/119219,/repositories/3/archival_objects/520217
,/repositories/3/top_containers/119220,/repositories/3/archival_objects/520217
,/repositories/3/top_containers/119221,/repositories/3/archival_objects/520217
,/repositories/3/top_containers/119222,/repositories/3/archival_objects/520217
,/repositories/3/top_containers/119223,/repositories/3/archival_objects/582252
,/repositories/3/top_containers/119224,/repositories/3/archival_objects/582252
,/repositories/3/top_containers/119225,/repositories/3/archival_objects/582253
,/repositories/3/top_containers/119226,/repositories/3/archival_objects/578557
,/repositories/3/top_containers/119227,/repositories/3/archival_objects/359124
,/repositories/3/top_containers/119228,/repositories/3/archival_objects/359124
,/repositories/3/top_containers/119229,/repositories/3/archival_objects/359124
,/repositories/3/top_containers/119230,/repositories/3/archival_objects/359124
,/repositories/3/top_containers/119231,/repositories/3/archival_objects/359124
,/repositories/3/top_containers/119232,/repositories/3/archival_objects/359124
,/repositories/3/top_containers/119233,/repositories/3/archival_objects/359124
,/repositories/3/top_containers/119234,/repositories/3/archival_objects/359124
,/repositories/3/top_containers/119235,/repositories/3/archival_objects/359125
,/repositories/3/top_containers/119236,/repositories/3/archival_objects/359125
,/repositories/3/top_containers/119237,/repositories/3/archival_objects/359125
,/repositories/3/top_containers/119238,/repositories/3/archival_objects/359125
,/repositories/3/top_containers/119239,/repositories/3/archival_objects/359125
,/repositories/3/top_containers/119240,/repositories/3/archival_objects/359126
,/repositories/3/top_containers/119241,/repositories/3/archival_objects/359149
,/repositories/3/top_containers/119242,/repositories/3/archival_objects/359151
,/repositories/3/top_containers/119243,/repositories/3/archival_objects/359154
,/repositories/3/top_containers/119244,/repositories/3/archival_objects/359154
,/repositories/3/top_containers/119245,/repositories/3/archival_objects/359156
,/repositories/3/top_containers/119246,/repositories/3/archival_objects/359167
,/repositories/3/top_containers/119247,/repositories/3/archival_objects/359167
,/repositories/3/top_containers/119248,/repositories/3/archival_objects/359196
,/repositories/3/top_containers/119249,/repositories/3/archival_objects/359230
,/repositories/3/top_containers/119250,/repositories/3/archival_objects/359230
,/repositories/3/top_containers/119251,/repositories/3/archival_objects/359265
,/repositories/3/top_containers/119252,/repositories/3/archival_objects/359265
,/repositories/3/top_containers/119253,/repositories/3/archival_objects/359308
,/repositories/3/top_containers/119254,/repositories/3/archival_objects/359308
,/repositories/3/top_containers/119255,/repositories/3/archival_objects/364424
,/repositories/3/top_containers/119256,/repositories/3/archival_objects/364424
,/repositories/3/top_containers/119257,/repositories/3/archival_objects/364457
,/repositories/3/top_containers/119258,/repositories/3/archival_objects/364458
,/repositories/3/top_containers/119259,/repositories/3/archival_objects/364462
,/repositories/3/top_containers/119260,/repositories/3/archival_objects/364445
,/repositories/3/top_containers/119261,/repositories/3/archival_objects/364445
,/repositories/3/top_containers/119262,/repositories/3/archival_objects/364445
,/repositories/3/top_containers/119263,/repositories/3/archival_objects/364445
,/repositories/3/top_containers/119264,/repositories/3/archival_objects/364445
,/repositories/3/top_containers/119265,/repositories/3/archival_objects/364445
,/repositories/3/top_containers/119266,/repositories/3/archival_objects/364445
,/repositories/3/top_containers/119267,/repositories/3/archival_objects/364445
,/repositories/3/top_containers/119268,/repositories/3/archival_objects/364445
,/repositories/3/top_containers/119269,/repositories/3/archival_objects/364445
,/repositories/3/top_containers/119270,/repositories/3/archival_objects/364469
,/repositories/3/top_containers/119271,/repositories/3/archival_objects/364469
,/repositories/3/top_containers/119272,/repositories/3/archival_objects/364469
,/repositories/3/top_containers/119273,/repositories/3/archival_objects/364469
,/repositories/3/top_containers/119274,/repositories/3/archival_objects/365289
,/repositories/3/top_containers/119275,/repositories/3/archival_objects/365289
,/repositories/3/top_containers/119276,/repositories/3/archival_objects/365289
,/repositories/3/top_containers/119277,/repositories/3/archival_objects/365289
,/repositories/3/top_containers/119278,/repositories/3/archival_objects/365289
,/repositories/3/top_containers/119279,/repositories/3/archival_objects/365289
,/repositories/3/top_containers/119280,/repositories/3/archival_objects/365289
,/repositories/3/top_containers/119281,/repositories/3/archival_objects/365289
,/repositories/3/top_containers/119282,/repositories/3/archival_objects/365289
,/repositories/3/top_containers/119283,/repositories/3/archival_objects/365289
,/repositories/3/top_containers/119284,/repositories/3/archival_objects/365289
,/repositories/3/top_containers/119285,/repositories/3/archival_objects/365289
,/repositories/3/top_containers/119286,/repositories/3/archival_objects/365289
,/repositories/3/top_containers/119287,/repositories/3/archival_objects/365289
,/repositories/3/top_containers/119288,/repositories/3/archival_objects/365289
,/repositories/3/top_containers/119289,/repositories/3/archival_objects/365289
,/repositories/3/top_containers/119290,/repositories/3/archival_objects/365289
,/repositories/3/top_containers/119291,/repositories/3/archival_objects/365289
,/repositories/3/top_containers/119292,/repositories/3/archival_objects/365289
,/repositories/3/top_containers/119293,/repositories/3/archival_objects/365289
,/repositories/3/top_containers/119294,/repositories/3/archival_objects/365298
,/repositories/3/top_containers/119295,/repositories/3/archival_objects/365298
,/repositories/3/top_containers/119296,/repositories/3/archival_objects/365298
,/repositories/3/top_containers/119297,/repositories/3/archival_objects/365298
,/repositories/3/top_containers/119298,/repositories/3/archival_objects/365298
,/repositories/3/top_containers/119299,/repositories/3/archival_objects/365298
,/repositories/3/top_containers/119300,/repositories/3/archival_objects/365298
,/repositories/3/top_containers/119301,/repositories/3/archival_objects/365298
,/repositories/3/top_containers/119302,/repositories/3/archival_objects/365298
,/repositories/3/top_containers/119303,/repositories/3/archival_objects/365300
,/repositories/3/top_containers/119304,/repositories/3/archival_objects/365300
,/repositories/3/top_containers/119305,/repositories/3/archival_objects/365300
,/repositories/3/top_containers/119306,/repositories/3/archival_objects/365300
,/repositories/3/top_containers/119307,/repositories/3/archival_objects/365300
,/repositories/3/top_containers/119308,/repositories/3/archival_objects/365300
,/repositories/3/top_containers/119309,/repositories/3/archival_objects/365300
,/repositories/3/top_containers/119310,/repositories/3/archival_objects/365301
,/repositories/3/top_containers/119311,/repositories/3/archival_objects/365301
,/repositories/3/top_containers/119312,/repositories/3/archival_objects/365301
,/repositories/3/top_containers/119313,/repositories/3/archival_objects/365301
,/repositories/3/top_containers/119314,/repositories/3/archival_objects/365301
,/repositories/3/top_containers/119315,/repositories/3/archival_objects/365301
,/repositories/3/top_containers/119316,/repositories/3/archival_objects/365301
,/repositories/3/top_containers/119317,/repositories/3/archival_objects/365301
,/repositories/3/top_containers/119318,/repositories/3/archival_objects/365301
,/repositories/3/top_containers/119319,/repositories/3/archival_objects/365301
,/repositories/3/top_containers/119320,/repositories/3/archival_objects/365304
,/repositories/3/top_containers/119321,/repositories/3/archival_objects/365304
,/repositories/3/top_containers/119322,/repositories/3/archival_objects/365304
,/repositories/3/top_containers/119323,/repositories/3/archival_objects/365304
,/repositories/3/top_containers/119324,/repositories/3/archival_objects/365304
,/repositories/3/top_containers/119325,/repositories/3/archival_objects/365304
,/repositories/3/top_containers/119326,/repositories/3/archival_objects/365305
,/repositories/3/top_containers/119327,/repositories/3/archival_objects/365305
,/repositories/3/top_containers/119328,/repositories/3/archival_objects/365305
,/repositories/3/top_containers/119329,/repositories/3/archival_objects/365305
,/repositories/3/top_containers/119330,/repositories/3/archival_objects/365305
,/repositories/3/top_containers/119331,/repositories/3/archival_objects/364656
,/repositories/3/top_containers/119332,/repositories/3/archival_objects/364656
,/repositories/6/top_containers/119333,/repositories/6/archival_objects/483399
,/repositories/6/top_containers/119333,/repositories/6/archival_objects/483399