blank,ao_uri
,/repositories/3/archival_objects/358946
,/repositories/3/archival_objects/358947
,/repositories/3/archival_objects/358954
,/repositories/3/archival_objects/358959
,/repositories/3/archival_objects/359040
,/repositories/3/archival_objects/359045
,/repositories/3/archival_objects/359124
,/repositories/3/archival_objects/359125
,/repositories/3/archival_objects/359126
,/repositories/3/archival_objects/359129
,/repositories/3/archival_objects/359130
,/repositories/3/archival_objects/359133
,/repositories/3/archival_objects/359137
,/repositories/3/archival_objects/359149
,/repositories/3/archival_objects/359150
,/repositories/3/archival_objects/359151
,/repositories/3/archival_objects/359153
,/repositories/3/archival_objects/359154
,/repositories/3/archival_objects/359155
,/repositories/3/archival_objects/359156
,/repositories/3/archival_objects/359160
,/repositories/3/archival_objects/359162
,/repositories/3/archival_objects/359167
,/repositories/3/archival_objects/359169
,/repositories/3/archival_objects/359170
,/repositories/3/archival_objects/359171
,/repositories/3/archival_objects/359187
,/repositories/3/archival_objects/359189
,/repositories/3/archival_objects/359195
,/repositories/3/archival_objects/359196
,/repositories/3/archival_objects/359210
,/repositories/3/archival_objects/359230
,/repositories/3/archival_objects/359259
,/repositories/3/archival_objects/359263
,/repositories/3/archival_objects/359265
,/repositories/3/archival_objects/359266
,/repositories/3/archival_objects/359290
,/repositories/3/archival_objects/359291
,/repositories/3/archival_objects/359292
,/repositories/3/archival_objects/359302
,/repositories/3/archival_objects/359304
,/repositories/3/archival_objects/359305
,/repositories/3/archival_objects/359307
,/repositories/3/archival_objects/359308
,/repositories/3/archival_objects/359310
,/repositories/3/archival_objects/359319
,/repositories/3/archival_objects/364457
,/repositories/3/archival_objects/364458
,/repositories/3/archival_objects/364459
,/repositories/3/archival_objects/364462
,/repositories/3/archival_objects/364467
,/repositories/3/archival_objects/364468
,/repositories/3/archival_objects/364469
,/repositories/3/archival_objects/364651
,/repositories/3/archival_objects/364652
,/repositories/3/archival_objects/364655
,/repositories/3/archival_objects/364792
,/repositories/3/archival_objects/365289
,/repositories/3/archival_objects/365290
,/repositories/3/archival_objects/365292
,/repositories/3/archival_objects/365293
,/repositories/3/archival_objects/365296
,/repositories/3/archival_objects/365297
,/repositories/3/archival_objects/365298
,/repositories/3/archival_objects/365299
,/repositories/3/archival_objects/365300
,/repositories/3/archival_objects/365301
,/repositories/3/archival_objects/365304
,/repositories/3/archival_objects/365305
,/repositories/3/archival_objects/365311
,/repositories/3/archival_objects/365312
,/repositories/3/archival_objects/365313
,/repositories/3/archival_objects/365325
,/repositories/3/archival_objects/405057
,/repositories/3/archival_objects/405058
,/repositories/3/archival_objects/520202
,/repositories/3/archival_objects/520215
,/repositories/3/archival_objects/520216
,/repositories/3/archival_objects/520217
,/repositories/3/archival_objects/520218
,/repositories/3/archival_objects/520227
,/repositories/3/archival_objects/520233
,/repositories/3/archival_objects/520529
,/repositories/3/archival_objects/520753
,/repositories/3/archival_objects/520760
,/repositories/3/archival_objects/520777
,/repositories/3/archival_objects/520869
,/repositories/3/archival_objects/520994
,/repositories/3/archival_objects/520995
,/repositories/3/archival_objects/520996
,/repositories/3/archival_objects/520997
,/repositories/3/archival_objects/520998
,/repositories/3/archival_objects/520999
,/repositories/3/archival_objects/521000
,/repositories/3/archival_objects/521001
,/repositories/3/archival_objects/521002
,/repositories/3/archival_objects/521003
,/repositories/3/archival_objects/521004
,/repositories/3/archival_objects/521005
,/repositories/3/archival_objects/521006
,/repositories/3/archival_objects/521007
,/repositories/3/archival_objects/521008
,/repositories/3/archival_objects/521009
,/repositories/3/archival_objects/521010
,/repositories/3/archival_objects/521011
,/repositories/3/archival_objects/521012
,/repositories/3/archival_objects/521013
,/repositories/3/archival_objects/521014
,/repositories/3/archival_objects/521015
,/repositories/3/archival_objects/521016
,/repositories/3/archival_objects/521017
,/repositories/3/archival_objects/521018
,/repositories/3/archival_objects/521019
,/repositories/3/archival_objects/521020
,/repositories/3/archival_objects/521021
,/repositories/3/archival_objects/521022
,/repositories/3/archival_objects/521023
,/repositories/3/archival_objects/521024
,/repositories/3/archival_objects/521025
,/repositories/3/archival_objects/521026
,/repositories/3/archival_objects/521027
,/repositories/3/archival_objects/521028
,/repositories/3/archival_objects/521029
,/repositories/3/archival_objects/521030
,/repositories/3/archival_objects/521031
,/repositories/3/archival_objects/521032
,/repositories/3/archival_objects/521033
,/repositories/3/archival_objects/521034
,/repositories/3/archival_objects/521035
,/repositories/3/archival_objects/521036
,/repositories/3/archival_objects/521037
,/repositories/3/archival_objects/521038
,/repositories/3/archival_objects/521039
,/repositories/3/archival_objects/521040
,/repositories/3/archival_objects/521041
,/repositories/3/archival_objects/521042
,/repositories/3/archival_objects/521043
,/repositories/3/archival_objects/521044
,/repositories/3/archival_objects/521045
,/repositories/3/archival_objects/521046
,/repositories/3/archival_objects/521047
,/repositories/3/archival_objects/521048
,/repositories/3/archival_objects/521049
,/repositories/3/archival_objects/521050
,/repositories/3/archival_objects/521051
,/repositories/3/archival_objects/521052
,/repositories/3/archival_objects/521053
,/repositories/3/archival_objects/521054
,/repositories/3/archival_objects/521055
,/repositories/3/archival_objects/521056
,/repositories/3/archival_objects/521057
,/repositories/3/archival_objects/521058
,/repositories/3/archival_objects/521059
,/repositories/3/archival_objects/521060
,/repositories/3/archival_objects/521061
,/repositories/3/archival_objects/521062
,/repositories/3/archival_objects/521063
,/repositories/3/archival_objects/521064
,/repositories/3/archival_objects/521065
,/repositories/3/archival_objects/521070
,/repositories/3/archival_objects/521079
,/repositories/3/archival_objects/521103
,/repositories/3/archival_objects/521104
,/repositories/3/archival_objects/521105
,/repositories/3/archival_objects/521106
,/repositories/3/archival_objects/521107
,/repositories/3/archival_objects/521108
,/repositories/3/archival_objects/521109
,/repositories/3/archival_objects/521110
,/repositories/3/archival_objects/521111
,/repositories/3/archival_objects/521112
,/repositories/3/archival_objects/521113
,/repositories/3/archival_objects/521114
,/repositories/3/archival_objects/521115
,/repositories/3/archival_objects/521116
,/repositories/3/archival_objects/521117
,/repositories/3/archival_objects/521118
,/repositories/3/archival_objects/521119
,/repositories/3/archival_objects/521120
,/repositories/3/archival_objects/521121
,/repositories/3/archival_objects/521122
,/repositories/3/archival_objects/521123
,/repositories/3/archival_objects/521124
,/repositories/3/archival_objects/521125
,/repositories/3/archival_objects/521126
,/repositories/3/archival_objects/521127
,/repositories/3/archival_objects/521128
,/repositories/3/archival_objects/521129
,/repositories/3/archival_objects/521130
,/repositories/3/archival_objects/521131
,/repositories/3/archival_objects/521132
,/repositories/3/archival_objects/521133
,/repositories/3/archival_objects/521134
,/repositories/3/archival_objects/521135
,/repositories/3/archival_objects/521136
,/repositories/3/archival_objects/521137
,/repositories/3/archival_objects/521138
,/repositories/3/archival_objects/521139
,/repositories/3/archival_objects/521140
,/repositories/3/archival_objects/521141
,/repositories/3/archival_objects/521142
,/repositories/3/archival_objects/521143
,/repositories/3/archival_objects/521144
,/repositories/3/archival_objects/521145
,/repositories/3/archival_objects/521146
,/repositories/3/archival_objects/521147
,/repositories/3/archival_objects/521148
,/repositories/3/archival_objects/521149
,/repositories/3/archival_objects/521150
,/repositories/3/archival_objects/521151
,/repositories/3/archival_objects/521152
,/repositories/3/archival_objects/521153
,/repositories/3/archival_objects/521154
,/repositories/3/archival_objects/521155
,/repositories/3/archival_objects/521156
,/repositories/3/archival_objects/521157
,/repositories/3/archival_objects/521158
,/repositories/3/archival_objects/521159
,/repositories/3/archival_objects/521160
,/repositories/3/archival_objects/521161
,/repositories/3/archival_objects/521162
,/repositories/3/archival_objects/521163
,/repositories/3/archival_objects/521164
,/repositories/3/archival_objects/521165
,/repositories/3/archival_objects/521166
,/repositories/3/archival_objects/521167
,/repositories/3/archival_objects/521168
,/repositories/3/archival_objects/521169
,/repositories/3/archival_objects/521170
,/repositories/3/archival_objects/521171
,/repositories/3/archival_objects/521172
,/repositories/3/archival_objects/521173
,/repositories/3/archival_objects/521174
,/repositories/3/archival_objects/521175
,/repositories/3/archival_objects/521176
,/repositories/3/archival_objects/521177
,/repositories/3/archival_objects/521178
,/repositories/3/archival_objects/521179
,/repositories/3/archival_objects/521180
,/repositories/3/archival_objects/521181
,/repositories/3/archival_objects/521182
,/repositories/3/archival_objects/521183
,/repositories/3/archival_objects/521184
,/repositories/3/archival_objects/521185
,/repositories/3/archival_objects/521186
,/repositories/3/archival_objects/521187
,/repositories/3/archival_objects/521188
,/repositories/3/archival_objects/521189
,/repositories/3/archival_objects/521190
,/repositories/3/archival_objects/521191
,/repositories/3/archival_objects/521192
,/repositories/3/archival_objects/521193
,/repositories/3/archival_objects/521194
,/repositories/3/archival_objects/521195
,/repositories/3/archival_objects/521197
,/repositories/3/archival_objects/521198
,/repositories/3/archival_objects/521199
,/repositories/3/archival_objects/521200
,/repositories/3/archival_objects/521201
,/repositories/3/archival_objects/521202
,/repositories/3/archival_objects/521203
,/repositories/3/archival_objects/521204
,/repositories/3/archival_objects/521205
,/repositories/3/archival_objects/521206
,/repositories/3/archival_objects/521207
,/repositories/3/archival_objects/521208
,/repositories/3/archival_objects/521209
,/repositories/3/archival_objects/521210
,/repositories/3/archival_objects/521211
,/repositories/3/archival_objects/521212
,/repositories/3/archival_objects/521213
,/repositories/3/archival_objects/521214
,/repositories/3/archival_objects/521215
,/repositories/3/archival_objects/521216
,/repositories/3/archival_objects/521217
,/repositories/3/archival_objects/521218
,/repositories/3/archival_objects/521219
,/repositories/3/archival_objects/528354
,/repositories/3/archival_objects/528370
,/repositories/3/archival_objects/528371
,/repositories/3/archival_objects/528372
,/repositories/3/archival_objects/528373
,/repositories/3/archival_objects/528374
,/repositories/3/archival_objects/528376
,/repositories/3/archival_objects/528377
,/repositories/3/archival_objects/528384
,/repositories/3/archival_objects/528385
,/repositories/3/archival_objects/582252
,/repositories/3/archival_objects/582253
,/repositories/3/archival_objects/587667
,/repositories/4/archival_objects/604606
,/repositories/4/archival_objects/605086
,/repositories/4/archival_objects/606277
,/repositories/4/archival_objects/646436
,/repositories/4/archival_objects/646438
,/repositories/4/archival_objects/646439
,/repositories/4/archival_objects/646440
,/repositories/4/archival_objects/646442
,/repositories/4/archival_objects/646447
,/repositories/4/archival_objects/646449
,/repositories/4/archival_objects/646450
,/repositories/4/archival_objects/646451
,/repositories/4/archival_objects/646454
,/repositories/4/archival_objects/646455
,/repositories/4/archival_objects/646456
,/repositories/4/archival_objects/646458
,/repositories/4/archival_objects/646460
,/repositories/4/archival_objects/646464
,/repositories/4/archival_objects/646467
,/repositories/4/archival_objects/646468
,/repositories/4/archival_objects/646470
,/repositories/4/archival_objects/646471
,/repositories/4/archival_objects/646475
,/repositories/4/archival_objects/646478
,/repositories/4/archival_objects/646481
,/repositories/4/archival_objects/646486
,/repositories/4/archival_objects/646487
,/repositories/4/archival_objects/646488
,/repositories/4/archival_objects/646489
,/repositories/4/archival_objects/646494
,/repositories/4/archival_objects/646495
,/repositories/4/archival_objects/646496
,/repositories/4/archival_objects/646497
,/repositories/4/archival_objects/646498
,/repositories/4/archival_objects/646499
,/repositories/4/archival_objects/646501
,/repositories/4/archival_objects/646502
,/repositories/4/archival_objects/646503
,/repositories/4/archival_objects/646504
,/repositories/4/archival_objects/646505
,/repositories/4/archival_objects/646510
,/repositories/4/archival_objects/646514
,/repositories/4/archival_objects/646518
,/repositories/4/archival_objects/646522
,/repositories/4/archival_objects/646524
,/repositories/4/archival_objects/646525
,/repositories/4/archival_objects/646528
,/repositories/4/archival_objects/646529
,/repositories/4/archival_objects/646530
,/repositories/4/archival_objects/646531
,/repositories/4/archival_objects/646532
,/repositories/4/archival_objects/646534
,/repositories/4/archival_objects/646535
,/repositories/4/archival_objects/646540
,/repositories/4/archival_objects/646542
,/repositories/4/archival_objects/646545
,/repositories/4/archival_objects/646546
,/repositories/4/archival_objects/646548
,/repositories/4/archival_objects/646549
,/repositories/4/archival_objects/646551
,/repositories/4/archival_objects/646552
,/repositories/4/archival_objects/646553
,/repositories/4/archival_objects/646556
,/repositories/4/archival_objects/646560
,/repositories/4/archival_objects/646563
,/repositories/4/archival_objects/646564
,/repositories/4/archival_objects/646566
,/repositories/4/archival_objects/646567
,/repositories/4/archival_objects/646569
,/repositories/4/archival_objects/646570
,/repositories/4/archival_objects/646571
,/repositories/4/archival_objects/646572
,/repositories/4/archival_objects/646576
,/repositories/4/archival_objects/646577
,/repositories/4/archival_objects/646578
,/repositories/4/archival_objects/646579
,/repositories/4/archival_objects/646581
,/repositories/4/archival_objects/646582
,/repositories/4/archival_objects/646583
,/repositories/4/archival_objects/646584
,/repositories/4/archival_objects/646587
,/repositories/4/archival_objects/646589
,/repositories/4/archival_objects/646591
,/repositories/4/archival_objects/646594
,/repositories/4/archival_objects/646595
,/repositories/4/archival_objects/646597
,/repositories/4/archival_objects/646601
,/repositories/4/archival_objects/646602
,/repositories/4/archival_objects/646603
,/repositories/4/archival_objects/646604
,/repositories/4/archival_objects/646607
,/repositories/4/archival_objects/646608
,/repositories/4/archival_objects/646610
,/repositories/4/archival_objects/646611
,/repositories/4/archival_objects/646612
,/repositories/4/archival_objects/646614
,/repositories/4/archival_objects/646616
,/repositories/4/archival_objects/646617
,/repositories/4/archival_objects/646622
,/repositories/4/archival_objects/646624
,/repositories/4/archival_objects/646625
,/repositories/4/archival_objects/646627
,/repositories/4/archival_objects/646635
,/repositories/4/archival_objects/646636
,/repositories/4/archival_objects/646637
,/repositories/4/archival_objects/646642
,/repositories/4/archival_objects/646643
,/repositories/4/archival_objects/646644
,/repositories/4/archival_objects/646646
,/repositories/4/archival_objects/646647
,/repositories/4/archival_objects/646649
,/repositories/4/archival_objects/646650
,/repositories/4/archival_objects/646652
,/repositories/4/archival_objects/646653
,/repositories/4/archival_objects/646654
,/repositories/4/archival_objects/646655
,/repositories/4/archival_objects/646657
,/repositories/4/archival_objects/646658
,/repositories/4/archival_objects/646659
,/repositories/4/archival_objects/646660
,/repositories/4/archival_objects/646661
,/repositories/4/archival_objects/646664
,/repositories/4/archival_objects/646665
,/repositories/4/archival_objects/646667
,/repositories/4/archival_objects/646668
,/repositories/4/archival_objects/646669
,/repositories/4/archival_objects/646673
,/repositories/4/archival_objects/646674
,/repositories/4/archival_objects/646675
,/repositories/4/archival_objects/646679
,/repositories/4/archival_objects/646680
,/repositories/4/archival_objects/646682
,/repositories/4/archival_objects/646683
,/repositories/4/archival_objects/646685
,/repositories/4/archival_objects/646686
,/repositories/4/archival_objects/646687
,/repositories/4/archival_objects/646688
,/repositories/4/archival_objects/646690
,/repositories/4/archival_objects/646692
,/repositories/4/archival_objects/646693
,/repositories/4/archival_objects/646698
,/repositories/4/archival_objects/646699
,/repositories/4/archival_objects/646701
,/repositories/4/archival_objects/646703
,/repositories/4/archival_objects/646704
,/repositories/4/archival_objects/646705
,/repositories/4/archival_objects/646706
,/repositories/4/archival_objects/646708
,/repositories/4/archival_objects/646710
,/repositories/4/archival_objects/646711
,/repositories/4/archival_objects/646718
,/repositories/4/archival_objects/646719
,/repositories/4/archival_objects/646721
,/repositories/4/archival_objects/646724
,/repositories/4/archival_objects/646726
,/repositories/4/archival_objects/646728
,/repositories/4/archival_objects/646731
,/repositories/4/archival_objects/646732
,/repositories/4/archival_objects/646733
,/repositories/4/archival_objects/646734
,/repositories/4/archival_objects/646742
,/repositories/4/archival_objects/646743
,/repositories/4/archival_objects/646744
,/repositories/4/archival_objects/646746
,/repositories/4/archival_objects/646748
,/repositories/4/archival_objects/646750
,/repositories/4/archival_objects/646751
,/repositories/4/archival_objects/646753
,/repositories/4/archival_objects/646755
,/repositories/4/archival_objects/646756
,/repositories/4/archival_objects/646758
,/repositories/4/archival_objects/646759
,/repositories/4/archival_objects/646760
,/repositories/4/archival_objects/646763
,/repositories/4/archival_objects/646764
,/repositories/4/archival_objects/646765
,/repositories/4/archival_objects/646768
,/repositories/4/archival_objects/646769
,/repositories/4/archival_objects/646770
,/repositories/4/archival_objects/646771
,/repositories/4/archival_objects/646772
,/repositories/4/archival_objects/646773
,/repositories/4/archival_objects/646774
,/repositories/4/archival_objects/646776
,/repositories/4/archival_objects/646777
,/repositories/4/archival_objects/646778
,/repositories/4/archival_objects/646779
,/repositories/4/archival_objects/646781
,/repositories/4/archival_objects/646782
,/repositories/4/archival_objects/646784
,/repositories/4/archival_objects/646785
,/repositories/4/archival_objects/646786
,/repositories/4/archival_objects/646787
,/repositories/4/archival_objects/646788
,/repositories/4/archival_objects/646789
,/repositories/4/archival_objects/646790
,/repositories/4/archival_objects/646791
,/repositories/4/archival_objects/646792
,/repositories/4/archival_objects/646795
,/repositories/4/archival_objects/646796
,/repositories/4/archival_objects/646797
,/repositories/4/archival_objects/646798
,/repositories/4/archival_objects/646802
,/repositories/4/archival_objects/646803
,/repositories/4/archival_objects/646806
,/repositories/4/archival_objects/646808
,/repositories/4/archival_objects/648569
,/repositories/4/archival_objects/648570
,/repositories/4/archival_objects/648571
,/repositories/4/archival_objects/648572
,/repositories/4/archival_objects/648575
,/repositories/4/archival_objects/648576
,/repositories/4/archival_objects/648578
,/repositories/4/archival_objects/648580
,/repositories/4/archival_objects/648582
,/repositories/4/archival_objects/648585
,/repositories/4/archival_objects/648586
,/repositories/4/archival_objects/648587
,/repositories/4/archival_objects/648588
,/repositories/4/archival_objects/648590
,/repositories/4/archival_objects/648591
,/repositories/4/archival_objects/648592
,/repositories/4/archival_objects/648593
,/repositories/4/archival_objects/648595
,/repositories/4/archival_objects/648597
,/repositories/4/archival_objects/648598
,/repositories/4/archival_objects/648599
,/repositories/4/archival_objects/648600
,/repositories/4/archival_objects/648602
,/repositories/4/archival_objects/648603
,/repositories/4/archival_objects/648604
,/repositories/4/archival_objects/648606
,/repositories/4/archival_objects/648607
,/repositories/4/archival_objects/648610
,/repositories/4/archival_objects/648611
,/repositories/4/archival_objects/648612
,/repositories/4/archival_objects/648616
,/repositories/4/archival_objects/648620
,/repositories/4/archival_objects/648622
,/repositories/4/archival_objects/648625
,/repositories/4/archival_objects/648626
,/repositories/4/archival_objects/648629
,/repositories/4/archival_objects/648630
,/repositories/4/archival_objects/648631
,/repositories/4/archival_objects/648632
,/repositories/4/archival_objects/648633
,/repositories/4/archival_objects/648634
,/repositories/4/archival_objects/648635
,/repositories/4/archival_objects/648636
,/repositories/4/archival_objects/648637
,/repositories/4/archival_objects/648639
,/repositories/4/archival_objects/648641
,/repositories/4/archival_objects/648642
,/repositories/4/archival_objects/648644
,/repositories/4/archival_objects/648647
,/repositories/4/archival_objects/648648
,/repositories/4/archival_objects/648649
,/repositories/4/archival_objects/648650
,/repositories/4/archival_objects/648652
,/repositories/4/archival_objects/648653
,/repositories/4/archival_objects/648654
,/repositories/4/archival_objects/648655
,/repositories/4/archival_objects/648656
,/repositories/4/archival_objects/648657
,/repositories/4/archival_objects/648658
,/repositories/4/archival_objects/648659
,/repositories/4/archival_objects/648660
,/repositories/4/archival_objects/648661
,/repositories/4/archival_objects/648663
,/repositories/4/archival_objects/648664
,/repositories/4/archival_objects/648665
,/repositories/4/archival_objects/648667
,/repositories/4/archival_objects/648669
,/repositories/4/archival_objects/648672
,/repositories/4/archival_objects/648675
,/repositories/4/archival_objects/648676
,/repositories/4/archival_objects/648677
,/repositories/4/archival_objects/648678
,/repositories/4/archival_objects/648679
,/repositories/4/archival_objects/648680
,/repositories/4/archival_objects/648682
,/repositories/4/archival_objects/648684
,/repositories/4/archival_objects/648686
,/repositories/4/archival_objects/648687
,/repositories/4/archival_objects/648689
,/repositories/4/archival_objects/648691
,/repositories/4/archival_objects/648692
,/repositories/4/archival_objects/648693
,/repositories/4/archival_objects/648694
,/repositories/4/archival_objects/648695
,/repositories/4/archival_objects/648696
,/repositories/4/archival_objects/648700
,/repositories/4/archival_objects/648701
,/repositories/4/archival_objects/648702
,/repositories/4/archival_objects/648703
,/repositories/4/archival_objects/648704
,/repositories/4/archival_objects/648705
,/repositories/4/archival_objects/648707
,/repositories/4/archival_objects/648710
,/repositories/4/archival_objects/648711
,/repositories/4/archival_objects/648712
,/repositories/4/archival_objects/648714
,/repositories/4/archival_objects/648717
,/repositories/4/archival_objects/648719
,/repositories/4/archival_objects/648720
,/repositories/4/archival_objects/648721
,/repositories/4/archival_objects/648722
,/repositories/4/archival_objects/648724
,/repositories/4/archival_objects/648725
,/repositories/4/archival_objects/648727
,/repositories/4/archival_objects/648728
,/repositories/4/archival_objects/648729
,/repositories/4/archival_objects/648731
,/repositories/4/archival_objects/648732
,/repositories/4/archival_objects/648733
,/repositories/4/archival_objects/648734
,/repositories/4/archival_objects/648735
,/repositories/4/archival_objects/648736
,/repositories/4/archival_objects/648737
,/repositories/4/archival_objects/648738
,/repositories/4/archival_objects/648739
,/repositories/4/archival_objects/648742
,/repositories/4/archival_objects/648743
,/repositories/4/archival_objects/648744
,/repositories/4/archival_objects/648746
,/repositories/4/archival_objects/648748
,/repositories/4/archival_objects/648749
,/repositories/4/archival_objects/648750
,/repositories/4/archival_objects/648751
,/repositories/4/archival_objects/648752
,/repositories/4/archival_objects/648755
,/repositories/4/archival_objects/648756
,/repositories/4/archival_objects/648760
,/repositories/4/archival_objects/648761
,/repositories/4/archival_objects/648764
,/repositories/4/archival_objects/648765
,/repositories/4/archival_objects/648766
,/repositories/4/archival_objects/648767
,/repositories/4/archival_objects/648768
,/repositories/4/archival_objects/648769
,/repositories/4/archival_objects/648770
,/repositories/4/archival_objects/648771
,/repositories/4/archival_objects/648772
,/repositories/4/archival_objects/648774
,/repositories/4/archival_objects/648775
,/repositories/4/archival_objects/648776
,/repositories/4/archival_objects/648777
,/repositories/4/archival_objects/648778
,/repositories/4/archival_objects/648780
,/repositories/4/archival_objects/648781
,/repositories/4/archival_objects/648782
,/repositories/4/archival_objects/648783
,/repositories/4/archival_objects/648785
,/repositories/4/archival_objects/648786
,/repositories/4/archival_objects/648787
,/repositories/4/archival_objects/648788
,/repositories/4/archival_objects/648791
,/repositories/4/archival_objects/648792
,/repositories/4/archival_objects/648793
,/repositories/4/archival_objects/648794
,/repositories/4/archival_objects/648795
,/repositories/4/archival_objects/648797
,/repositories/4/archival_objects/648800
,/repositories/4/archival_objects/648802
,/repositories/4/archival_objects/648803
,/repositories/4/archival_objects/648804
,/repositories/4/archival_objects/648805
,/repositories/4/archival_objects/648807
,/repositories/4/archival_objects/648808
,/repositories/4/archival_objects/648809
,/repositories/4/archival_objects/648810
,/repositories/4/archival_objects/648813
,/repositories/4/archival_objects/648814
,/repositories/4/archival_objects/648815
,/repositories/4/archival_objects/648816
,/repositories/4/archival_objects/648817
,/repositories/4/archival_objects/648818
,/repositories/4/archival_objects/648820
,/repositories/4/archival_objects/648822
,/repositories/4/archival_objects/648823
,/repositories/4/archival_objects/648824
,/repositories/4/archival_objects/648825
,/repositories/4/archival_objects/648826
,/repositories/4/archival_objects/648827
,/repositories/4/archival_objects/648828
,/repositories/4/archival_objects/648829
,/repositories/4/archival_objects/648831
,/repositories/4/archival_objects/648832
,/repositories/4/archival_objects/648833
,/repositories/4/archival_objects/648835
,/repositories/4/archival_objects/648836
,/repositories/4/archival_objects/648838
,/repositories/4/archival_objects/648839
,/repositories/4/archival_objects/648841
,/repositories/4/archival_objects/648842
,/repositories/4/archival_objects/649453
,/repositories/4/archival_objects/668095
,/repositories/4/archival_objects/670484
,/repositories/4/archival_objects/670485
,/repositories/4/archival_objects/670597
,/repositories/4/archival_objects/670849
,/repositories/4/archival_objects/670933
,/repositories/4/archival_objects/670977
,/repositories/4/archival_objects/671382
,/repositories/4/archival_objects/671383
,/repositories/4/archival_objects/671384
,/repositories/4/archival_objects/671385
,/repositories/4/archival_objects/671386
,/repositories/4/archival_objects/671388
,/repositories/4/archival_objects/671389
,/repositories/4/archival_objects/671427
,/repositories/4/archival_objects/671429
,/repositories/4/archival_objects/671430
,/repositories/4/archival_objects/671431
,/repositories/4/archival_objects/671432
,/repositories/4/archival_objects/671433
,/repositories/4/archival_objects/671467
,/repositories/4/archival_objects/671468
,/repositories/4/archival_objects/671502
,/repositories/4/archival_objects/671504
,/repositories/4/archival_objects/671547
,/repositories/4/archival_objects/671586
,/repositories/4/archival_objects/671587
,/repositories/4/archival_objects/671589
,/repositories/4/archival_objects/671622
,/repositories/4/archival_objects/671623
,/repositories/4/archival_objects/671943
,/repositories/4/archival_objects/671949
,/repositories/4/archival_objects/671970
,/repositories/4/archival_objects/671978
,/repositories/4/archival_objects/672031
,/repositories/4/archival_objects/672088
,/repositories/4/archival_objects/672119
,/repositories/4/archival_objects/674204
,/repositories/4/archival_objects/674703
,/repositories/4/archival_objects/674704
,/repositories/4/archival_objects/674705
,/repositories/4/archival_objects/674707
,/repositories/4/archival_objects/683486
,/repositories/4/archival_objects/758896
,/repositories/4/archival_objects/758906
,/repositories/4/archival_objects/1378905
,/repositories/4/archival_objects/1378914
,/repositories/4/archival_objects/1379362
,/repositories/4/archival_objects/1379501
,/repositories/4/archival_objects/1379800
,/repositories/4/archival_objects/1379823
,/repositories/4/archival_objects/1379824
,/repositories/4/archival_objects/1379845
,/repositories/4/archival_objects/1379861
,/repositories/4/archival_objects/1379964
,/repositories/4/archival_objects/1379982
,/repositories/4/archival_objects/1379989
,/repositories/4/archival_objects/1380017
,/repositories/4/archival_objects/1380162
,/repositories/4/archival_objects/1380182
,/repositories/4/archival_objects/1382886
,/repositories/4/archival_objects/1383337
,/repositories/5/archival_objects/862855
,/repositories/5/archival_objects/884105
,/repositories/5/archival_objects/961965
,/repositories/5/archival_objects/1077060
,/repositories/5/archival_objects/1077767
,/repositories/5/archival_objects/1077842
,/repositories/5/archival_objects/1077950
,/repositories/5/archival_objects/1077952
,/repositories/6/archival_objects/473857
,/repositories/6/archival_objects/473863
,/repositories/6/archival_objects/473978
,/repositories/6/archival_objects/474017
,/repositories/6/archival_objects/474092
,/repositories/6/archival_objects/474133
,/repositories/6/archival_objects/474135
,/repositories/6/archival_objects/483399
,/repositories/8/archival_objects/1245332
,/repositories/8/archival_objects/1245357
,/repositories/8/archival_objects/1245363
,/repositories/8/archival_objects/1245481
,/repositories/8/archival_objects/1245482
,/repositories/8/archival_objects/1245486
,/repositories/8/archival_objects/1245487
,/repositories/8/archival_objects/1245488
,/repositories/8/archival_objects/1245489
,/repositories/8/archival_objects/1245493
,/repositories/8/archival_objects/1245494
,/repositories/8/archival_objects/1245495
,/repositories/8/archival_objects/1245496
,/repositories/8/archival_objects/1245497
,/repositories/8/archival_objects/1245498
,/repositories/8/archival_objects/1245502
,/repositories/8/archival_objects/1245504
,/repositories/8/archival_objects/1245505
,/repositories/8/archival_objects/1245506
,/repositories/8/archival_objects/1245507
,/repositories/8/archival_objects/1245508
,/repositories/8/archival_objects/1245509
,/repositories/8/archival_objects/1245510
,/repositories/8/archival_objects/1245511
,/repositories/8/archival_objects/1245512
,/repositories/8/archival_objects/1245513
,/repositories/8/archival_objects/1245514
,/repositories/8/archival_objects/1245515
,/repositories/8/archival_objects/1245516
,/repositories/8/archival_objects/1245517
,/repositories/8/archival_objects/1245518
,/repositories/8/archival_objects/1245519
,/repositories/8/archival_objects/1245520
,/repositories/8/archival_objects/1245521
,/repositories/8/archival_objects/1245522
,/repositories/8/archival_objects/1245523
,/repositories/8/archival_objects/1245539
,/repositories/8/archival_objects/1245540
,/repositories/8/archival_objects/1245541
,/repositories/8/archival_objects/1245542
,/repositories/8/archival_objects/1245543
,/repositories/8/archival_objects/1245544
,/repositories/8/archival_objects/1245545
,/repositories/8/archival_objects/1245546
,/repositories/8/archival_objects/1245547
,/repositories/8/archival_objects/1245549
,/repositories/9/archival_objects/258679
,/repositories/11/archival_objects/254845
,/repositories/11/archival_objects/254846
,/repositories/11/archival_objects/254847
,/repositories/11/archival_objects/254848
,/repositories/11/archival_objects/254849
,/repositories/11/archival_objects/254850
,/repositories/11/archival_objects/254851
,/repositories/11/archival_objects/254852
,/repositories/11/archival_objects/254853
,/repositories/11/archival_objects/254854
,/repositories/11/archival_objects/254855
,/repositories/11/archival_objects/254856
,/repositories/11/archival_objects/254857
,/repositories/11/archival_objects/254858
,/repositories/11/archival_objects/254859
,/repositories/11/archival_objects/254860
,/repositories/11/archival_objects/254861
,/repositories/11/archival_objects/254862
,/repositories/11/archival_objects/254863
,/repositories/11/archival_objects/254864
,/repositories/11/archival_objects/254865
,/repositories/11/archival_objects/254866
,/repositories/11/archival_objects/254868
,/repositories/11/archival_objects/254869
,/repositories/11/archival_objects/254870
,/repositories/11/archival_objects/254872
,/repositories/11/archival_objects/254873
,/repositories/11/archival_objects/254874
,/repositories/11/archival_objects/254875
,/repositories/11/archival_objects/254876
,/repositories/11/archival_objects/254877
,/repositories/11/archival_objects/254878
,/repositories/11/archival_objects/254879
,/repositories/11/archival_objects/254880
,/repositories/11/archival_objects/254881
,/repositories/11/archival_objects/254882
,/repositories/11/archival_objects/254883
,/repositories/11/archival_objects/254884
,/repositories/11/archival_objects/254885
,/repositories/11/archival_objects/254886
,/repositories/11/archival_objects/254887
,/repositories/11/archival_objects/254888
,/repositories/11/archival_objects/254889
,/repositories/11/archival_objects/254890
,/repositories/11/archival_objects/254891
,/repositories/11/archival_objects/254894
,/repositories/11/archival_objects/254895
,/repositories/11/archival_objects/254896
,/repositories/11/archival_objects/254897
,/repositories/11/archival_objects/254898
,/repositories/11/archival_objects/254899
,/repositories/11/archival_objects/254921
,/repositories/11/archival_objects/254932
,/repositories/11/archival_objects/254933
,/repositories/11/archival_objects/254934
,/repositories/11/archival_objects/254935
,/repositories/11/archival_objects/254936
,/repositories/11/archival_objects/254937
,/repositories/11/archival_objects/254938
,/repositories/11/archival_objects/254939
,/repositories/11/archival_objects/254940
,/repositories/11/archival_objects/254941
,/repositories/11/archival_objects/254942
,/repositories/11/archival_objects/254943
,/repositories/11/archival_objects/254944
,/repositories/11/archival_objects/254945
,/repositories/11/archival_objects/254946
,/repositories/11/archival_objects/254947
,/repositories/11/archival_objects/254948
,/repositories/11/archival_objects/254949
,/repositories/11/archival_objects/254950
,/repositories/11/archival_objects/254951
,/repositories/11/archival_objects/254953
,/repositories/11/archival_objects/254954
,/repositories/11/archival_objects/254955
,/repositories/11/archival_objects/254956
,/repositories/11/archival_objects/254957
,/repositories/11/archival_objects/254958
,/repositories/11/archival_objects/254961
,/repositories/11/archival_objects/254962
,/repositories/11/archival_objects/254965
,/repositories/11/archival_objects/254966
,/repositories/11/archival_objects/254967
,/repositories/11/archival_objects/254968
,/repositories/11/archival_objects/254969
,/repositories/11/archival_objects/254970
,/repositories/11/archival_objects/254971
,/repositories/11/archival_objects/254972
,/repositories/11/archival_objects/254973
,/repositories/11/archival_objects/254974
,/repositories/11/archival_objects/254975
,/repositories/11/archival_objects/254977
,/repositories/11/archival_objects/254978
,/repositories/11/archival_objects/254979
,/repositories/11/archival_objects/254980
,/repositories/11/archival_objects/254981
,/repositories/11/archival_objects/254982
,/repositories/11/archival_objects/254983
,/repositories/11/archival_objects/254984
,/repositories/11/archival_objects/254985
,/repositories/11/archival_objects/254986
,/repositories/11/archival_objects/254987
,/repositories/11/archival_objects/254988
,/repositories/11/archival_objects/254989
,/repositories/11/archival_objects/254990
,/repositories/11/archival_objects/254992
,/repositories/11/archival_objects/254993
,/repositories/11/archival_objects/254994
,/repositories/11/archival_objects/254996
,/repositories/11/archival_objects/254997
,/repositories/11/archival_objects/254998
,/repositories/11/archival_objects/255001
,/repositories/11/archival_objects/255002
,/repositories/11/archival_objects/255003
,/repositories/11/archival_objects/255004
,/repositories/11/archival_objects/255005
,/repositories/11/archival_objects/255006
,/repositories/11/archival_objects/255007
,/repositories/11/archival_objects/255008
,/repositories/11/archival_objects/255010
,/repositories/11/archival_objects/255011
,/repositories/11/archival_objects/255012
,/repositories/11/archival_objects/255013
,/repositories/11/archival_objects/255014
,/repositories/11/archival_objects/255015
,/repositories/11/archival_objects/255016
,/repositories/11/archival_objects/255017
,/repositories/11/archival_objects/255018
,/repositories/11/archival_objects/255019
,/repositories/11/archival_objects/255022
,/repositories/11/archival_objects/255025
,/repositories/11/archival_objects/255026
,/repositories/11/archival_objects/255027
,/repositories/11/archival_objects/255028
,/repositories/11/archival_objects/255029
,/repositories/11/archival_objects/255030
,/repositories/11/archival_objects/255031
,/repositories/11/archival_objects/255032
,/repositories/11/archival_objects/255033
,/repositories/11/archival_objects/255034
,/repositories/11/archival_objects/255035
,/repositories/11/archival_objects/255036
,/repositories/11/archival_objects/255037
,/repositories/11/archival_objects/255038
,/repositories/11/archival_objects/255040
,/repositories/11/archival_objects/255042
,/repositories/11/archival_objects/255043
,/repositories/11/archival_objects/255044
,/repositories/11/archival_objects/255045
,/repositories/11/archival_objects/255047
,/repositories/11/archival_objects/255048
,/repositories/11/archival_objects/255049
,/repositories/11/archival_objects/255050
,/repositories/11/archival_objects/255051
,/repositories/11/archival_objects/255052
,/repositories/11/archival_objects/255053
,/repositories/11/archival_objects/255054
,/repositories/11/archival_objects/255056
,/repositories/11/archival_objects/255057
,/repositories/11/archival_objects/255058
,/repositories/11/archival_objects/255059
,/repositories/11/archival_objects/255060
,/repositories/11/archival_objects/255062
,/repositories/11/archival_objects/255063
,/repositories/11/archival_objects/255064
,/repositories/11/archival_objects/255065
,/repositories/11/archival_objects/255067
,/repositories/11/archival_objects/255068
,/repositories/11/archival_objects/255069
,/repositories/11/archival_objects/255070
,/repositories/11/archival_objects/255073
,/repositories/11/archival_objects/255074
,/repositories/11/archival_objects/255075
,/repositories/11/archival_objects/255076
,/repositories/11/archival_objects/255077
,/repositories/11/archival_objects/255078
,/repositories/11/archival_objects/255079
,/repositories/11/archival_objects/255080
,/repositories/11/archival_objects/255082
,/repositories/11/archival_objects/255083
,/repositories/11/archival_objects/255084
,/repositories/11/archival_objects/255085
,/repositories/11/archival_objects/255087
,/repositories/11/archival_objects/255089
,/repositories/11/archival_objects/255090
,/repositories/11/archival_objects/255091
,/repositories/11/archival_objects/255092
,/repositories/11/archival_objects/255093
,/repositories/11/archival_objects/255094
,/repositories/11/archival_objects/255095
,/repositories/11/archival_objects/255096
,/repositories/11/archival_objects/255097
,/repositories/11/archival_objects/255098
,/repositories/11/archival_objects/255099
,/repositories/11/archival_objects/255100
,/repositories/11/archival_objects/255101
,/repositories/11/archival_objects/255102
,/repositories/11/archival_objects/255103
,/repositories/11/archival_objects/255104
,/repositories/11/archival_objects/255105
,/repositories/11/archival_objects/255106
,/repositories/11/archival_objects/255107
,/repositories/11/archival_objects/255108
,/repositories/11/archival_objects/255109
,/repositories/11/archival_objects/255110
,/repositories/11/archival_objects/255111
,/repositories/11/archival_objects/255112
,/repositories/11/archival_objects/255113
,/repositories/11/archival_objects/255114
,/repositories/11/archival_objects/255115
,/repositories/11/archival_objects/255116
,/repositories/11/archival_objects/255117
,/repositories/11/archival_objects/255118
,/repositories/11/archival_objects/255119
,/repositories/11/archival_objects/255120
,/repositories/11/archival_objects/255121
,/repositories/11/archival_objects/255122
,/repositories/11/archival_objects/255123
,/repositories/11/archival_objects/255124
,/repositories/11/archival_objects/255125
,/repositories/11/archival_objects/255126
,/repositories/11/archival_objects/255127
,/repositories/11/archival_objects/255128
,/repositories/11/archival_objects/255129
,/repositories/11/archival_objects/255130
,/repositories/11/archival_objects/255131
,/repositories/11/archival_objects/255132
,/repositories/11/archival_objects/255133
,/repositories/11/archival_objects/255134
,/repositories/11/archival_objects/255135
,/repositories/11/archival_objects/255136
,/repositories/11/archival_objects/255137
,/repositories/11/archival_objects/255138
,/repositories/11/archival_objects/255139
,/repositories/11/archival_objects/255140
,/repositories/11/archival_objects/255141
,/repositories/11/archival_objects/255142
,/repositories/11/archival_objects/255143
,/repositories/11/archival_objects/255144
,/repositories/11/archival_objects/255145
,/repositories/11/archival_objects/255146
,/repositories/11/archival_objects/255147
,/repositories/11/archival_objects/255148
,/repositories/11/archival_objects/255149
,/repositories/11/archival_objects/255150
,/repositories/11/archival_objects/255151
,/repositories/11/archival_objects/255152
,/repositories/11/archival_objects/255153
,/repositories/11/archival_objects/255154
,/repositories/11/archival_objects/255155
,/repositories/11/archival_objects/255156
,/repositories/11/archival_objects/255157
,/repositories/11/archival_objects/255158
,/repositories/11/archival_objects/255159
,/repositories/11/archival_objects/255160
,/repositories/11/archival_objects/255161
,/repositories/11/archival_objects/255162
,/repositories/11/archival_objects/255163
,/repositories/11/archival_objects/255164
,/repositories/11/archival_objects/255165
,/repositories/11/archival_objects/255166
,/repositories/11/archival_objects/255167
,/repositories/11/archival_objects/255168
,/repositories/11/archival_objects/255169
,/repositories/11/archival_objects/255170
,/repositories/11/archival_objects/255171
,/repositories/11/archival_objects/255172
,/repositories/11/archival_objects/255173
,/repositories/11/archival_objects/255174
,/repositories/11/archival_objects/255175
,/repositories/11/archival_objects/255176
,/repositories/11/archival_objects/255177
,/repositories/11/archival_objects/255178
,/repositories/11/archival_objects/255179
,/repositories/11/archival_objects/255180
,/repositories/11/archival_objects/255181
,/repositories/11/archival_objects/255182
,/repositories/11/archival_objects/255183
,/repositories/11/archival_objects/255184
,/repositories/11/archival_objects/255185
,/repositories/11/archival_objects/255186
,/repositories/11/archival_objects/255187
,/repositories/11/archival_objects/255188
,/repositories/11/archival_objects/255189
,/repositories/11/archival_objects/255190
,/repositories/11/archival_objects/255191
,/repositories/11/archival_objects/255192
,/repositories/11/archival_objects/255193
,/repositories/11/archival_objects/255194
,/repositories/11/archival_objects/255195
,/repositories/11/archival_objects/255196
,/repositories/11/archival_objects/255197
,/repositories/11/archival_objects/255198
,/repositories/11/archival_objects/255199
,/repositories/11/archival_objects/255200
,/repositories/11/archival_objects/255201
,/repositories/11/archival_objects/255202
,/repositories/11/archival_objects/255203
,/repositories/11/archival_objects/255204
,/repositories/11/archival_objects/255205
,/repositories/11/archival_objects/255206
,/repositories/11/archival_objects/255207
,/repositories/11/archival_objects/255208
,/repositories/11/archival_objects/255209
,/repositories/11/archival_objects/255210
,/repositories/11/archival_objects/255211
,/repositories/11/archival_objects/255212
,/repositories/11/archival_objects/255213
,/repositories/11/archival_objects/255214
,/repositories/11/archival_objects/255215
,/repositories/11/archival_objects/255216
,/repositories/11/archival_objects/255217
,/repositories/11/archival_objects/255218
,/repositories/11/archival_objects/255219
,/repositories/11/archival_objects/255220
,/repositories/11/archival_objects/255221
,/repositories/11/archival_objects/255222
,/repositories/11/archival_objects/255223
,/repositories/11/archival_objects/255224
,/repositories/11/archival_objects/255225
,/repositories/11/archival_objects/255226
,/repositories/11/archival_objects/255227
,/repositories/11/archival_objects/255228
,/repositories/11/archival_objects/255229
,/repositories/11/archival_objects/255230
,/repositories/11/archival_objects/255231
,/repositories/11/archival_objects/255232
,/repositories/11/archival_objects/255233
,/repositories/11/archival_objects/255234
,/repositories/11/archival_objects/255235
,/repositories/11/archival_objects/255236
,/repositories/11/archival_objects/255237
,/repositories/11/archival_objects/255238
,/repositories/11/archival_objects/255239
,/repositories/11/archival_objects/255240
,/repositories/11/archival_objects/255241
,/repositories/11/archival_objects/255242
,/repositories/11/archival_objects/255243
,/repositories/11/archival_objects/255244
,/repositories/11/archival_objects/255245
,/repositories/11/archival_objects/255246
,/repositories/11/archival_objects/255249
,/repositories/11/archival_objects/255250
,/repositories/11/archival_objects/255251
,/repositories/11/archival_objects/255252
,/repositories/11/archival_objects/255253
,/repositories/11/archival_objects/255254
,/repositories/11/archival_objects/255255
,/repositories/11/archival_objects/255256
,/repositories/11/archival_objects/255257
,/repositories/11/archival_objects/255258
,/repositories/11/archival_objects/255259
,/repositories/11/archival_objects/255260
,/repositories/11/archival_objects/255261
,/repositories/11/archival_objects/255262
,/repositories/11/archival_objects/255263
,/repositories/11/archival_objects/255264
,/repositories/11/archival_objects/255265
,/repositories/11/archival_objects/255266
,/repositories/11/archival_objects/255267
,/repositories/11/archival_objects/255268
,/repositories/11/archival_objects/255269
,/repositories/11/archival_objects/255270
,/repositories/11/archival_objects/255271
,/repositories/11/archival_objects/255272
,/repositories/11/archival_objects/255273
,/repositories/11/archival_objects/255274
,/repositories/11/archival_objects/255275
,/repositories/11/archival_objects/255276
,/repositories/11/archival_objects/255277
,/repositories/11/archival_objects/255278
,/repositories/11/archival_objects/255279
,/repositories/11/archival_objects/255280
,/repositories/11/archival_objects/255281
,/repositories/11/archival_objects/255282
,/repositories/11/archival_objects/255283
,/repositories/11/archival_objects/255284
,/repositories/11/archival_objects/255285
,/repositories/11/archival_objects/255286
,/repositories/11/archival_objects/255287
,/repositories/11/archival_objects/255288
,/repositories/11/archival_objects/255289
,/repositories/11/archival_objects/255290
,/repositories/11/archival_objects/255291
,/repositories/11/archival_objects/255292
,/repositories/11/archival_objects/255293
,/repositories/11/archival_objects/255294
,/repositories/11/archival_objects/255295
,/repositories/11/archival_objects/255296
,/repositories/11/archival_objects/255297
,/repositories/11/archival_objects/255298
,/repositories/11/archival_objects/255299
,/repositories/11/archival_objects/255300
,/repositories/11/archival_objects/255301
,/repositories/11/archival_objects/255302
,/repositories/11/archival_objects/255303
,/repositories/11/archival_objects/255304
,/repositories/11/archival_objects/255305
,/repositories/11/archival_objects/255306
,/repositories/11/archival_objects/255307
,/repositories/11/archival_objects/255308
,/repositories/11/archival_objects/255309
,/repositories/11/archival_objects/255310
,/repositories/11/archival_objects/255311
,/repositories/11/archival_objects/255312
,/repositories/11/archival_objects/255313
,/repositories/11/archival_objects/255314
,/repositories/11/archival_objects/255315
,/repositories/11/archival_objects/255316
,/repositories/11/archival_objects/255317
,/repositories/11/archival_objects/255318
,/repositories/11/archival_objects/255319