blank,container_uri
,/repositories/4/top_containers/119111
,/repositories/4/top_containers/119112
,/repositories/4/top_containers/119113
,/repositories/4/top_containers/119114
,/repositories/4/top_containers/119115
,/repositories/4/top_containers/119116
,/repositories/4/top_containers/119117
,/repositories/4/top_containers/119118
,/repositories/4/top_containers/119119
,/repositories/4/top_containers/119120
,/repositories/4/top_containers/119121
,/repositories/4/top_containers/119122
,/repositories/4/top_containers/119123
,/repositories/4/top_containers/119124
,/repositories/4/top_containers/119125
,/repositories/4/top_containers/119126
,/repositories/4/top_containers/119127
,/repositories/4/top_containers/119128
,/repositories/4/top_containers/119129
,/repositories/4/top_containers/119130
,/repositories/4/top_containers/119131
,/repositories/4/top_containers/119132
,/repositories/4/top_containers/119133
,/repositories/4/top_containers/119134
,/repositories/4/top_containers/119135
,/repositories/4/top_containers/119136
,/repositories/4/top_containers/119137
,/repositories/4/top_containers/119138
,/repositories/4/top_containers/119139
,/repositories/4/top_containers/119140
,/repositories/4/top_containers/119141
,/repositories/4/top_containers/119142
,/repositories/4/top_containers/119143
,/repositories/4/top_containers/119144
,/repositories/4/top_containers/119145
,/repositories/4/top_containers/119146
,/repositories/4/top_containers/119147
,/repositories/4/top_containers/119148
,/repositories/4/top_containers/119149
,/repositories/4/top_containers/119150
,/repositories/4/top_containers/119151
,/repositories/4/top_containers/119152
,/repositories/4/top_containers/119153
,/repositories/4/top_containers/119154
,/repositories/4/top_containers/119155
,/repositories/4/top_containers/119156
,/repositories/4/top_containers/119157
,/repositories/4/top_containers/119158
,/repositories/4/top_containers/119159
,/repositories/4/top_containers/119160
,/repositories/5/top_containers/119161
,/repositories/5/top_containers/119162
,/repositories/5/top_containers/119163
,/repositories/5/top_containers/119164
,/repositories/5/top_containers/119165
,/repositories/5/top_containers/119166
,/repositories/5/top_containers/119167
,/repositories/5/top_containers/119168
,/repositories/5/top_containers/119169
,/repositories/5/top_containers/119170
,/repositories/5/top_containers/119171
,/repositories/5/top_containers/119172
,/repositories/5/top_containers/119173
,/repositories/5/top_containers/119174
,/repositories/5/top_containers/119175
,/repositories/5/top_containers/119176
,/repositories/5/top_containers/119177
,/repositories/5/top_containers/119178
,/repositories/5/top_containers/119179
,/repositories/5/top_containers/119180
,/repositories/5/top_containers/119181
,/repositories/5/top_containers/119182
,/repositories/5/top_containers/119183
,/repositories/5/top_containers/119184
,/repositories/5/top_containers/119185
,/repositories/5/top_containers/119186
,/repositories/5/top_containers/119187
,/repositories/5/top_containers/119188
,/repositories/5/top_containers/119189
,/repositories/5/top_containers/119190
,/repositories/3/top_containers/119191
,/repositories/3/top_containers/119192
,/repositories/3/top_containers/119193
,/repositories/3/top_containers/119194
,/repositories/3/top_containers/119195
,/repositories/3/top_containers/119196
,/repositories/3/top_containers/119197
,/repositories/3/top_containers/119198
,/repositories/3/top_containers/119199
,/repositories/3/top_containers/119200
,/repositories/3/top_containers/119201
,/repositories/3/top_containers/119202
,/repositories/3/top_containers/119203
,/repositories/3/top_containers/119204
,/repositories/3/top_containers/119205
,/repositories/3/top_containers/119206
,/repositories/3/top_containers/119207
,/repositories/3/top_containers/119208
,/repositories/3/top_containers/119209
,/repositories/3/top_containers/119210
,/repositories/3/top_containers/119211
,/repositories/3/top_containers/119212
,/repositories/3/top_containers/119213
,/repositories/3/top_containers/119214
,/repositories/3/top_containers/119215
,/repositories/3/top_containers/119216
,/repositories/3/top_containers/119217
,/repositories/3/top_containers/119218
,/repositories/3/top_containers/119219
,/repositories/3/top_containers/119220
,/repositories/3/top_containers/119221
,/repositories/3/top_containers/119222
,/repositories/3/top_containers/119223
,/repositories/3/top_containers/119224
,/repositories/3/top_containers/119225
,/repositories/3/top_containers/119226
,/repositories/3/top_containers/119227
,/repositories/3/top_containers/119228
,/repositories/3/top_containers/119229
,/repositories/3/top_containers/119230
,/repositories/3/top_containers/119231
,/repositories/3/top_containers/119232
,/repositories/3/top_containers/119233
,/repositories/3/top_containers/119234
,/repositories/3/top_containers/119235
,/repositories/3/top_containers/119236
,/repositories/3/top_containers/119237
,/repositories/3/top_containers/119238
,/repositories/3/top_containers/119239
,/repositories/3/top_containers/119240
,/repositories/3/top_containers/119241
,/repositories/3/top_containers/119242
,/repositories/3/top_containers/119243
,/repositories/3/top_containers/119244
,/repositories/3/top_containers/119245
,/repositories/3/top_containers/119246
,/repositories/3/top_containers/119247
,/repositories/3/top_containers/119248
,/repositories/3/top_containers/119249
,/repositories/3/top_containers/119250
,/repositories/3/top_containers/119251
,/repositories/3/top_containers/119252
,/repositories/3/top_containers/119253
,/repositories/3/top_containers/119254
,/repositories/3/top_containers/119255
,/repositories/3/top_containers/119256
,/repositories/3/top_containers/119257
,/repositories/3/top_containers/119258
,/repositories/3/top_containers/119259
,/repositories/3/top_containers/119260
,/repositories/3/top_containers/119261
,/repositories/3/top_containers/119262
,/repositories/3/top_containers/119263
,/repositories/3/top_containers/119264
,/repositories/3/top_containers/119265
,/repositories/3/top_containers/119266
,/repositories/3/top_containers/119267
,/repositories/3/top_containers/119268
,/repositories/3/top_containers/119269
,/repositories/3/top_containers/119270
,/repositories/3/top_containers/119271
,/repositories/3/top_containers/119272
,/repositories/3/top_containers/119273
,/repositories/3/top_containers/119274
,/repositories/3/top_containers/119275
,/repositories/3/top_containers/119276
,/repositories/3/top_containers/119277
,/repositories/3/top_containers/119278
,/repositories/3/top_containers/119279
,/repositories/3/top_containers/119280
,/repositories/3/top_containers/119281
,/repositories/3/top_containers/119282
,/repositories/3/top_containers/119283
,/repositories/3/top_containers/119284
,/repositories/3/top_containers/119285
,/repositories/3/top_containers/119286
,/repositories/3/top_containers/119287
,/repositories/3/top_containers/119288
,/repositories/3/top_containers/119289
,/repositories/3/top_containers/119290
,/repositories/3/top_containers/119291
,/repositories/3/top_containers/119292
,/repositories/3/top_containers/119293
,/repositories/3/top_containers/119294
,/repositories/3/top_containers/119295
,/repositories/3/top_containers/119296
,/repositories/3/top_containers/119297
,/repositories/3/top_containers/119298
,/repositories/3/top_containers/119299
,/repositories/3/top_containers/119300
,/repositories/3/top_containers/119301
,/repositories/3/top_containers/119302
,/repositories/3/top_containers/119303
,/repositories/3/top_containers/119304
,/repositories/3/top_containers/119305
,/repositories/3/top_containers/119306
,/repositories/3/top_containers/119307
,/repositories/3/top_containers/119308
,/repositories/3/top_containers/119309
,/repositories/3/top_containers/119310
,/repositories/3/top_containers/119311
,/repositories/3/top_containers/119312
,/repositories/3/top_containers/119313
,/repositories/3/top_containers/119314
,/repositories/3/top_containers/119315
,/repositories/3/top_containers/119316
,/repositories/3/top_containers/119317
,/repositories/3/top_containers/119318
,/repositories/3/top_containers/119319
,/repositories/3/top_containers/119320
,/repositories/3/top_containers/119321
,/repositories/3/top_containers/119322
,/repositories/3/top_containers/119323
,/repositories/3/top_containers/119324
,/repositories/3/top_containers/119325
,/repositories/3/top_containers/119326
,/repositories/3/top_containers/119327
,/repositories/3/top_containers/119328
,/repositories/3/top_containers/119329
,/repositories/3/top_containers/119330
,/repositories/3/top_containers/119331
,/repositories/3/top_containers/119332
,/repositories/6/top_containers/119333